sub_id,id,name,sub_name,type,code,introduce,forces,if_capture,pow_rank,life_rank,hit_rank,dodge_rank,rate_rank,armor_rank,speed_rank,range_rank,tenacity_rank,counter,character,enemy_skill,launch_time,extra,spine_scale,org_id,related_story_id,is_additional
1001,1,enemy_illustration-10001001,enemy_illustration-50001001,2,Drone,enemy_illustration-20001001,0,0,0,7,0,0,0,0,0,0,0,enemy_illustration-30001001,1001|903,,2016-05-20,enemy_illustration-40001001,90|90|1,0,0,0
2001,2,enemy_illustration-10002001,enemy_illustration-50002001,2,Prowler,enemy_illustration-20002001,1,1,1,1,1,1,3,0,2,2,0,enemy_illustration-30002001,300,,2016-05-20,enemy_illustration-40002001,100|100|1,0,0,0
3001,3,enemy_illustration-10003001,enemy_illustration-50003001,2,Scouts,enemy_illustration-20003001,1,1,2,2,2,6,2,0,4,3,0,enemy_illustration-30003001,300,,2016-05-20,enemy_illustration-40003001,100|100|1,0,0,0
4001,4,enemy_illustration-10004001,enemy_illustration-50004001,3,Ripper,enemy_illustration-20004001,1,1,2,3,3,5,3,0,3,3,0,enemy_illustration-30004001,303,,2016-05-20,enemy_illustration-40004001,100|100|1,0,0,0
5001,5,enemy_illustration-10005001,enemy_illustration-50005001,1,Scarecrow,enemy_illustration-20005001,1,1,5,4,4,4,4,0,4,3,0,enemy_illustration-30005001,1001|201,59,2016-05-20,enemy_illustration-40005001,70|70|1,10604,200005,0
5002,5,enemy_illustration-10005002,enemy_illustration-50005002,1,Scarecrow,enemy_illustration-20005002,1,1,5,4,4,4,4,0,4,3,0,enemy_illustration-30005002,1001|306|307,184|185|186,2016-05-20,enemy_illustration-40005002,70|70|1,10604,200005,0
6001,6,enemy_illustration-10006001,enemy_illustration-50006001,2,Dinergate,enemy_illustration-20006001,1,1,5,1,5,0,2,0,5,2,0,enemy_illustration-30006001,303,,2016-05-20,enemy_illustration-40006001,100|100|1,0,0,0
7001,7,enemy_illustration-10007001,enemy_illustration-50007001,3,Vespid,enemy_illustration-20007001,1,1,3,2,4,4,2,0,3,4,0,enemy_illustration-30007001,300,,2016-05-20,enemy_illustration-40007001,100|100|1,0,0,0
8001,8,enemy_illustration-10008001,enemy_illustration-50008001,1,Excutioner,enemy_illustration-20008001,1,1,5,4,4,5,3,3,3,2,0,enemy_illustration-30008001,1001|202|309,60,2016-05-20,enemy_illustration-40008001,80|80|1,10602,200008,0
9001,9,enemy_illustration-10009001,enemy_illustration-50009001,3,Jaeger,enemy_illustration-20009001,1,1,3,1,5,3,2,0,3,4,0,enemy_illustration-30009001,307,,2016-05-20,enemy_illustration-40009001,100|100|1,0,0,0
10001,10,enemy_illustration-10010001,enemy_illustration-50010001,3,Guard,enemy_illustration-20010001,1,1,1,4,3,1,4,0,2,2,0,enemy_illustration-30010001,303,,2016-05-20,enemy_illustration-40010001,90|90|1,0,0,0
11001,11,enemy_illustration-10011001,enemy_illustration-50011001,1,Hunter,enemy_illustration-20011001,1,1,4,4,5,5,5,4,5,4,0,enemy_illustration-30011001,1001|203|309,62,2016-05-20,enemy_illustration-40011001,75|75|1,10602,200011,0
12001,12,enemy_illustration-10012001,enemy_illustration-50012001,3,Dragoon,enemy_illustration-20012001,1,1,3,3,5,3,3,0,5,5,0,enemy_illustration-30012001,304,,2016-05-20,enemy_illustration-40012001,75|75|1,0,0,0
13001,13,enemy_illustration-10013001,enemy_illustration-50013001,2,Jaguar,enemy_illustration-20013001,1,1,6,2,6,3,1,0,3,5,0,enemy_illustration-30013001,1003|325,8,2016-05-20,enemy_illustration-40013001,100|100|1,0,0,0
14001,14,enemy_illustration-10014001,enemy_illustration-50014001,4,Nemeum,enemy_illustration-20014001,1,1,4,3,5,0,1,3,3,4,0,enemy_illustration-30014001,309,,2016-05-20,enemy_illustration-40014001,100|100|1,0,0,0
15001,15,enemy_illustration-10015001,enemy_illustration-50015001,5,Aegis,enemy_illustration-20015001,1,1,2,4,2,0,3,5,2,2,0,enemy_illustration-30015001,303|309,,2016-05-20,enemy_illustration-40015001,100|100|1,0,0,0
16001,16,enemy_illustration-10016001,enemy_illustration-50016001,4,Manticore,enemy_illustration-20016001,1,1,6,5,4,0,4,3,2,3,0,enemy_illustration-30016001,1003|302|309|301,,2016-05-20,enemy_illustration-40016001,80|80|1,0,0,0
17001,17,enemy_illustration-10017001,enemy_illustration-50017001,1,Intruder,enemy_illustration-20017001,1,1,4,4,3,4,5,0,3,3,0,enemy_illustration-30017001,1001|204,84,2016-05-20,enemy_illustration-40017001,85|85|1,10602,200017,0
17002,17,enemy_illustration-10017002,enemy_illustration-50017002,1,Intruder,enemy_illustration-20017002,1,1,4,4,3,4,5,0,3,3,0,enemy_illustration-30017002,1001|306,190|191|192,2016-05-20,enemy_illustration-40017002,85|85|1,10602,200017,0
18001,18,enemy_illustration-10018001,enemy_illustration-50018001,1,Destroyer,enemy_illustration-20018001,1,1,5,5,4,3,3,0,4,5,0,enemy_illustration-30018001,1001|206,,2016-05-20,enemy_illustration-40018001,85|85|1,10603,200018,0
19001,19,enemy_illustration-10019001,enemy_illustration-50019001,1,HunterElite,enemy_illustration-20019001,1,0,5,5,5,5,5,4,5,4,0,enemy_illustration-30019001,1001|203|309,62,2016-05-20,enemy_illustration-40019001,75|75|1,0,0,0
20001,20,enemy_illustration-10020001,enemy_illustration-50020001,1,ExcutionerElite,enemy_illustration-20020001,1,0,6,5,4,5,3,3,3,2,0,enemy_illustration-30020001,1001|202|309,60|61,2016-05-20,enemy_illustration-40020001,80|80|1,0,0,0
21001,21,enemy_illustration-10021001,enemy_illustration-50021001,1,Weaver,enemy_illustration-20021001,1,1,4,5,5,4,4,3,4,3,0,enemy_illustration-30021001,1001|210|309,71,2016-05-20,enemy_illustration-40021001,80|80|1,10603,200021,0
21002,21,enemy_illustration-10021002,enemy_illustration-50021002,1,Weaver,enemy_illustration-20021002,1,1,4,5,5,4,4,3,4,3,0,enemy_illustration-30021002,1001|210|309,71|98,2016-05-20,enemy_illustration-40021002,80|80|1,10603,200021,0
22001,22,enemy_illustration-10022001,enemy_illustration-50022001,1,WeaverElite,enemy_illustration-20022001,1,0,5,5,5,5,5,4,5,4,0,enemy_illustration-30022001,1001|210|309,71|72,2016-05-20,enemy_illustration-40022001,80|80|1,0,0,0
23001,23,enemy_illustration-10023001,enemy_illustration-50023001,1,Alchemist,enemy_illustration-20023001,1,1,5,5,4,5,4,0,3,3,0,enemy_illustration-30023001,1001|205,63,2016-05-20,enemy_illustration-40023001,85|85|1,10602,200023,0
24001,24,enemy_illustration-10024001,enemy_illustration-50024001,1,Dreamer,enemy_illustration-20024001,1,1,5,5,5,5,5,0,5,5,0,enemy_illustration-30024001,1001|209,70,2016-05-20,enemy_illustration-40024001,75|75|1,10604,200024,0
24002,24,enemy_illustration-10024002,enemy_illustration-50024002,1,Dreamer,enemy_illustration-20024002,1,1,5,5,5,5,5,0,5,5,0,enemy_illustration-30024002,1001|209,70|97,2016-05-20,enemy_illustration-40024002,75|75|1,10604,200024,0
25001,25,enemy_illustration-10025001,enemy_illustration-50025001,2,Jupiter,enemy_illustration-20025001,1,0,6,5,5,0,4,2,0,5,0,enemy_illustration-30025001,1003|302|309|910,12,2016-05-20,enemy_illustration-40025001,55|55|1,0,0,0
26001,26,enemy_illustration-10026001,enemy_illustration-50026001,1,BossGager,enemy_illustration-20026001,1,1,5,4,5,4,3,0,4,3,0,enemy_illustration-30026001,1001|207,66|67,2016-05-20,enemy_illustration-40026001,85|85|1,10602,200026,0
26002,26,enemy_illustration-10026002,enemy_illustration-50026002,1,BossGager,enemy_illustration-20026002,1,1,5,4,5,4,3,0,4,3,0,enemy_illustration-30026002,1001|207,66|67|96,2016-05-20,enemy_illustration-40026002,85|85|1,10602,200026,0
27001,27,enemy_illustration-10027001,enemy_illustration-50027001,1,BossArchitect,enemy_illustration-20027001,1,1,6,5,4,3,3,3,3,5,0,enemy_illustration-30027001,1001|208|309,68|69,2016-05-20,enemy_illustration-40027001,85|85|1,10603,200027,0
27002,27,enemy_illustration-10027002,enemy_illustration-50027002,1,BossArchitect,enemy_illustration-20027002,1,1,6,5,4,3,3,0,3,5,0,enemy_illustration-30027002,1001|319,187|188|189,2016-05-20,enemy_illustration-40027002,85|85|1,10603,200027,0
28001,28,enemy_illustration-10028001,enemy_illustration-50028001,3,Brute,enemy_illustration-20028001,1,1,5,3,4,3,3,0,4,2,0,enemy_illustration-30028001,303,,2016-05-20,enemy_illustration-40028001,85|85|1,0,0,0
29001,29,enemy_illustration-10029001,enemy_illustration-50029001,3,Striker,enemy_illustration-20029001,1,1,3,3,2,3,5,0,3,4,0,enemy_illustration-30029001,308,,2016-05-20,enemy_illustration-40029001,100|100|1,0,0,0
30001,30,enemy_illustration-10030001,enemy_illustration-50030001,4,Tarantula,enemy_illustration-20030001,1,1,5,1,5,0,2,4,5,2,0,enemy_illustration-30030001,303|309,,2016-05-20,enemy_illustration-40030001,150|150|1,0,0,0
31001,31,enemy_illustration-10031001,enemy_illustration-50031001,2,Golyat,enemy_illustration-20031001,1,0,7,5,7,0,0,0,3,1,0,enemy_illustration-30031001,1001|1003|323|908,11,2016-05-20,enemy_illustration-40031001,100|100|1,0,0,0
32001,32,enemy_illustration-10032001,enemy_illustration-50032001,2,GolyatPlus,enemy_illustration-20032001,1,0,7,7,7,0,0,0,3,1,0,enemy_illustration-30032001,1001|1003|323|908,11,2016-05-20,enemy_illustration-40032001,100|100|1,0,0,0
33001,33,enemy_illustration-10033001,enemy_illustration-50033001,1,BossCerberus,enemy_illustration-20033001,1,1,5,5,5,3,2,4,5,2,0,enemy_illustration-30033001,1001|214|309,79|80,2016-05-20,enemy_illustration-40033001,70|70|1,10603,0,0
34001,34,enemy_illustration-10034001,enemy_illustration-50034001,1,DestroyerPlus,enemy_illustration-20034001,1,0,6,5,5,3,3,0,4,5,0,enemy_illustration-30034001,1001|206,64|65,2016-05-20,enemy_illustration-40034001,80|80|1,0,0,0
34002,34,enemy_illustration-10034002,enemy_illustration-50034002,1,DestroyerPlus,enemy_illustration-20034002,1,0,6,5,5,3,3,0,4,5,0,enemy_illustration-30034002,1001|206,64|65|99,2016-05-20,enemy_illustration-40034002,80|80|1,0,0,0
34003,34,enemy_illustration-10034003,enemy_illustration-50034003,1,DestroyerPlus,enemy_illustration-20034003,1,0,5,5,4,3,3,0,4,5,0,enemy_illustration-30034003,1001|319,193|194|195,2016-05-20,enemy_illustration-40034003,85|85|1,0,0,0
35001,35,enemy_illustration-10035001,enemy_illustration-50035001,1,Justice,enemy_illustration-20035001,1,1,5,6,4,4,4,3,4,5,0,enemy_illustration-30035001,1001|211|309,73|74|75,2016-05-20,enemy_illustration-40035001,70|70|1,10604,200035,0
35002,35,enemy_illustration-10035002,enemy_illustration-50035002,1,Justice,enemy_illustration-20035002,1,1,5,6,4,4,4,3,4,5,0,enemy_illustration-30035002,1001|211|309,73|74|75,2016-05-20,enemy_illustration-40035002,70|70|1,10604,200035,0
35003,35,enemy_illustration-10035003,enemy_illustration-50035003,1,Justice,enemy_illustration-20035003,1,1,5,6,4,4,4,3,4,5,0,enemy_illustration-30035003,1001|309|307,196|197|198,2016-05-20,enemy_illustration-40035003,70|70|1,10604,200035,0
36001,36,enemy_illustration-10036001,enemy_illustration-50036001,3,unknown,enemy_illustration-20036001,0,0,4,4,4,4,3,0,2,2,0,enemy_illustration-30036001,303,,2016-05-20,enemy_illustration-40036001,80|80|1,0,0,0
37001,37,enemy_illustration-10037001,enemy_illustration-50037001,3,Cyclops,enemy_illustration-20037001,2,0,4,4,4,3,3,0,4,4,0,enemy_illustration-30037001,1001|319,16,2016-05-20,enemy_illustration-40037001,85|85|1,0,0,0
38001,38,enemy_illustration-10038001,enemy_illustration-50038001,5,Cyclops_SG,enemy_illustration-20038001,2,0,4,4,3,3,2,4,3,4,0,enemy_illustration-30038001,1001|309|314,17,2016-05-20,enemy_illustration-40038001,85|85|1,0,0,0
39001,39,enemy_illustration-10039001,enemy_illustration-50039001,4,Hydra,enemy_illustration-20039001,2,0,6,5,4,0,4,6,1,2,0,enemy_illustration-30039001,1003|309|301,18,2016-05-20,enemy_illustration-40039001,80|80|1,0,0,0
40001,40,enemy_illustration-10040001,enemy_illustration-50040001,5,Aegis_GA,enemy_illustration-20040001,2,0,2,3,2,0,3,5,3,2,0,enemy_illustration-30040001,303|309|310,9,2016-05-20,enemy_illustration-40040001,100|100|1,0,0,0
41001,41,enemy_illustration-10041001,enemy_illustration-50041001,4,Cerynitis,enemy_illustration-20041001,2,0,5,3,5,0,1,3,3,4,0,enemy_illustration-30041001,1003|309,,2016-05-20,enemy_illustration-40041001,100|100|1,0,0,0
42001,42,enemy_illustration-10042001,enemy_illustration-50042001,4,Dactyl,enemy_illustration-20042001,2,0,5,2,4,0,0,2,3,5,0,enemy_illustration-30042001,1001|309|322,19,2016-05-20,enemy_illustration-40042001,100|100|1,0,0,0
43001,43,enemy_illustration-10043001,enemy_illustration-50043001,4,Typhon,enemy_illustration-20043001,2,0,5,5,6,0,5,4,3,5,0,enemy_illustration-30043001,1001|1003|302|309|320,20,2016-05-20,enemy_illustration-40043001,70|70|1,0,0,0
44001,44,enemy_illustration-10044001,enemy_illustration-50044001,1,M16A1_Boss,enemy_illustration-20044001,1,1,6,6,6,6,6,6,6,6,0,enemy_illustration-30044001,1001|215|309,8101|8301,2016-05-20,enemy_illustration-40044001,100|100|1,0,0,0
44002,44,enemy_illustration-10044002,enemy_illustration-50044002,1,M16A1_Boss,enemy_illustration-20044002,1,1,6,6,6,6,6,6,6,6,0,enemy_illustration-30044002,1001|215|309,81|82,2016-05-20,enemy_illustration-40044002,100|100|1,0,0,0
44003,44,enemy_illustration-10044003,enemy_illustration-50044003,1,M16A1_Boss,enemy_illustration-20044003,1,1,6,6,6,6,6,6,6,6,0,enemy_illustration-30044003,1001|215|309,81|82|8301,2016-05-20,enemy_illustration-40044003,100|100|1,0,0,0
44004,44,enemy_illustration-10044004,enemy_illustration-50044004,1,M16A1_Boss,enemy_illustration-20044004,1,1,6,6,6,6,6,6,6,6,0,enemy_illustration-30044004,1001|215|309,83,2016-05-20,enemy_illustration-40044004,100|100|1,0,0,0
44005,44,enemy_illustration-10044005,enemy_illustration-50044005,1,M16A1_Boss,enemy_illustration-20044005,1,1,6,6,6,6,6,6,6,6,0,enemy_illustration-30044005,1001|215|309,81|8201|83,2016-05-20,enemy_illustration-40044005,100|100|1,0,0,0
45001,45,enemy_illustration-10045001,enemy_illustration-50045001,1,Agent,enemy_illustration-20045001,1,1,5,5,5,2,4,0,2,4,0,enemy_illustration-30045001,1001|212,77|78,2016-05-20,enemy_illustration-40045001,80|80|1,10604,200045,0
45002,45,enemy_illustration-10045002,enemy_illustration-50045002,1,Agent,enemy_illustration-20045002,1,1,5,5,5,2,4,0,2,4,0,enemy_illustration-30045002,1001|212,77|78|7801,2016-05-20,enemy_illustration-40045002,80|80|1,10604,200045,0
46001,46,enemy_illustration-10046001,enemy_illustration-50046001,3,Strelet,enemy_illustration-20046001,3,0,2,3,2,3,4,0,3,3,0,enemy_illustration-30046001,312,,2016-05-20,enemy_illustration-40046001,100|100|1,0,0,0
47001,47,enemy_illustration-10047001,enemy_illustration-50047001,3,Rodelero,enemy_illustration-20047001,3,0,3,4,3,3,1,2,3,4,0,enemy_illustration-30047001,309|312|320,27,2016-05-20,enemy_illustration-40047001,90|90|1,0,0,0
47002,47,enemy_illustration-10047002,enemy_illustration-50047002,3,Rodelero,enemy_illustration-20047002,3,0,3,4,3,3,1,2,3,4,0,enemy_illustration-30047002,309|312|320,27,2035-12-31,enemy_illustration-40047002,90|90|1,0,0,0
48001,48,enemy_illustration-10048001,enemy_illustration-50048001,3,Doppelsoldner,enemy_illustration-20048001,3,0,2,4,3,0,3,4,1,3,0,enemy_illustration-30048001,1003|302|309|312|319,28|29,2016-05-20,enemy_illustration-40048001,60|60|1,0,0,0
48002,48,enemy_illustration-10048002,enemy_illustration-50048002,3,Doppelsoldner,enemy_illustration-20048002,3,0,2,4,3,0,3,4,1,3,0,enemy_illustration-30048002,1003|302|309|312|319,28|29,2035-12-31,enemy_illustration-40048002,60|60|1,0,0,0
49001,49,enemy_illustration-10049001,enemy_illustration-50049001,4,Uhlan,enemy_illustration-20049001,3,0,4,4,4,0,3,4,3,4,0,enemy_illustration-30049001,1001|302|309|312,31|32,2016-05-20,enemy_illustration-40049001,50|50|1,0,0,0
50001,50,enemy_illustration-10050001,enemy_illustration-50050001,1,Nyto_black,enemy_illustration-20050001,3,1,6,6,5,4,4,3,4,5,0,enemy_illustration-30050001,1001|216|309|312,45|47,2016-05-20,enemy_illustration-40050001,70|70|1,10603,0,0
51001,51,enemy_illustration-10051001,enemy_illustration-50051001,1,Nyto_white,enemy_illustration-20051001,3,1,6,6,5,4,4,3,4,5,0,enemy_illustration-30051001,1001|216|309|312,46|47,2016-05-20,enemy_illustration-40051001,70|70|1,10603,0,0
52001,52,enemy_illustration-10052001,enemy_illustration-50052001,3,Zombie2,enemy_illustration-20052001,0,0,3,3,4,3,4,0,3,4,0,enemy_illustration-30052001,300,,2016-05-20,enemy_illustration-40052001,90|90|1,0,0,0
53001,53,enemy_illustration-10053001,enemy_illustration-50053001,3,Zombie1,enemy_illustration-20053001,0,0,2,4,4,3,4,0,3,2,0,enemy_illustration-30053001,303,,2016-05-20,enemy_illustration-40053001,90|90|1,0,0,0
54001,54,enemy_illustration-10054001,enemy_illustration-50054001,1,Smasher,enemy_illustration-20054001,0,0,5,6,4,4,4,0,3,5,0,enemy_illustration-30054001,1001|302|301,57|58,2016-05-20,enemy_illustration-40054001,70|70|1,0,0,0
54002,54,enemy_illustration-10054002,enemy_illustration-50054002,1,Smasher,enemy_illustration-20054002,0,0,5,6,4,4,4,0,3,5,0,enemy_illustration-30054002,1001|302|301,57|58|5801|5802,2016-05-20,enemy_illustration-40054002,70|70|1,0,0,0
55001,55,enemy_illustration-10055001,enemy_illustration-50055001,2,Prowler_SWAP,enemy_illustration-20055001,1,1,1,1,1,1,3,0,2,2,0,enemy_illustration-30055001,300,,2016-05-20,enemy_illustration-40055001,100|100|1,0,0,0
56001,56,enemy_illustration-10056001,enemy_illustration-50056001,3,Jaeger_SWAP,enemy_illustration-20056001,1,1,4,1,5,3,2,0,3,4,0,enemy_illustration-30056001,1003|307,5,2016-05-20,enemy_illustration-40056001,100|100|1,0,0,0
57001,57,enemy_illustration-10057001,enemy_illustration-50057001,3,Guard_SWAP,enemy_illustration-20057001,1,1,1,5,3,1,4,0,2,2,0,enemy_illustration-30057001,303|310,4,2016-05-20,enemy_illustration-40057001,90|90|1,0,0,0
58001,58,enemy_illustration-10058001,enemy_illustration-50058001,3,Dragoon_SWAP,enemy_illustration-20058001,1,1,3,3,5,3,3,0,5,5,0,enemy_illustration-30058001,1003|304,7,2016-05-20,enemy_illustration-40058001,75|75|1,0,0,0
59001,59,enemy_illustration-10059001,enemy_illustration-50059001,3,Striker_SWAP,enemy_illustration-20059001,1,1,5,3,2,3,5,0,3,4,0,enemy_illustration-30059001,308,,2016-05-20,enemy_illustration-40059001,100|100|1,0,0,0
60001,60,enemy_illustration-10060001,enemy_illustration-50060001,5,Aegis_SWAP,enemy_illustration-20060001,1,1,2,5,2,0,3,5,2,2,0,enemy_illustration-30060001,303|309|310,9,2016-05-20,enemy_illustration-40060001,100|100|1,0,0,0
61001,61,enemy_illustration-10061001,enemy_illustration-50061001,1,Nyto_Silver,enemy_illustration-20061001,3,0,6,6,5,4,4,3,4,4,0,enemy_illustration-30061001,1001|216|309|312,42|43,2016-05-20,enemy_illustration-40061001,85|85|1,0,0,0
61002,61,enemy_illustration-10061002,enemy_illustration-50061002,1,Nyto_Silver,enemy_illustration-20061002,3,0,6,6,5,4,4,3,4,4,0,enemy_illustration-30061002,1001|216|309|312,42|43,2016-05-20,enemy_illustration-40061002,85|85|1,0,0,0
62001,62,enemy_illustration-10062001,enemy_illustration-50062001,1,Nyto_Gold,enemy_illustration-20062001,3,0,6,6,5,4,4,3,4,5,0,enemy_illustration-30062001,1001|216|309,41,2016-05-20,enemy_illustration-40062001,85|85|1,0,0,0
62002,62,enemy_illustration-10062002,enemy_illustration-50062002,1,Nyto_Gold,enemy_illustration-20062002,3,0,6,6,5,4,4,3,4,5,0,enemy_illustration-30062002,1001|216|309,41,2035-12-31,enemy_illustration-40062002,85|85|1,0,0,0
63001,63,enemy_illustration-10063001,enemy_illustration-50063001,3,Roarer,enemy_illustration-20063001,3,0,4,5,3,2,2,3,2,2,0,enemy_illustration-30063001,309|302|312|316,34|35|140,2016-05-20,enemy_illustration-40063001,80|80|1,0,0,0
64001,64,enemy_illustration-10064001,enemy_illustration-50064001,4,Thunder,enemy_illustration-20064001,3,0,5,5,5,5,4,4,2,4,0,enemy_illustration-30064001,1001|302|309|310|315,36|37|38,2016-05-20,enemy_illustration-40064001,80|80|1,0,0,0
65001,65,enemy_illustration-10065001,enemy_illustration-50065001,3,StreletPlus,enemy_illustration-20065001,3,0,4,3,3,5,3,0,1,4,0,enemy_illustration-30065001,1003|312|316,39,2016-05-20,enemy_illustration-40065001,100|100|1,0,0,0
66001,66,enemy_illustration-10066001,enemy_illustration-50066001,3,Isomer,enemy_illustration-20066001,3,0,1,4,1,5,4,0,1,5,0,enemy_illustration-30066001,303,40,2016-05-20,enemy_illustration-40066001,75|75|1,0,0,0
67001,67,enemy_illustration-10067001,enemy_illustration-50067001,2,Pyxis,enemy_illustration-20067001,3,0,4,5,3,0,5,2,0,5,0,enemy_illustration-30067001,309|308,,2016-05-20,enemy_illustration-40067001,100|100|1,0,0,0
68001,68,enemy_illustration-10068001,enemy_illustration-50068001,1,Nyto_Isomer_White,enemy_illustration-20068001,3,0,7,6,5,4,4,4,4,5,0,enemy_illustration-30068001,1001|309|911,44,2016-05-20,enemy_illustration-40068001,80|80|1,0,0,0
69001,69,enemy_illustration-10069001,enemy_illustration-50069001,2,RecceCentre,enemy_illustration-20069001,2,0,0,6,0,0,0,4,0,0,0,enemy_illustration-30069001,309|321,21,2016-05-20,enemy_illustration-40069001,40|40|1,0,0,0
70001,70,enemy_illustration-10070001,enemy_illustration-50070001,2,Pathfinder,enemy_illustration-20070001,2,0,4,2,4,3,4,4,5,2,0,enemy_illustration-30070001,303|309,22,2016-05-20,enemy_illustration-40070001,100|100|1,0,0,0
71001,71,enemy_illustration-10071001,enemy_illustration-50071001,3,Archer,enemy_illustration-20071001,2,0,3,3,3,4,3,0,2,4,0,enemy_illustration-30071001,1003|325,23,2016-05-20,enemy_illustration-40071001,100|100|1,0,0,0
72001,72,enemy_illustration-10072001,enemy_illustration-50072001,2,Beast,enemy_illustration-20072001,2,0,4,4,5,2,4,0,6,2,0,enemy_illustration-30072001,310,24,2016-05-20,enemy_illustration-40072001,80|80|1,0,0,0
73001,73,enemy_illustration-10073001,enemy_illustration-50073001,5,TeslaTrooper,enemy_illustration-20073001,2,0,4,5,3,1,2,5,2,1,0,enemy_illustration-30073001,302|303|309|313,26|33,2016-05-20,enemy_illustration-40073001,80|80|1,0,0,0
74001,74,enemy_illustration-10074001,enemy_illustration-50074001,2,GustafL_3,enemy_illustration-20074001,2,0,7,5,5,0,3,3,0,5,0,enemy_illustration-30074001,302|908|910|326,,2016-05-20,enemy_illustration-40074001,-15|15|1,0,0,0
75001,75,enemy_illustration-10075001,enemy_illustration-50075001,2,GustafL_2,enemy_illustration-20075001,2,0,7,5,5,0,3,3,0,5,0,enemy_illustration-30075001,302|908|910|326,,2016-05-20,enemy_illustration-40075001,-15|15|1,0,0,0
76001,76,enemy_illustration-10076001,enemy_illustration-50076001,2,GustafL_1,enemy_illustration-20076001,2,0,7,5,5,0,3,3,0,5,0,enemy_illustration-30076001,302|908|910|326,,2016-05-20,enemy_illustration-40076001,-15|15|1,0,0,0
77001,77,enemy_illustration-10077001,enemy_illustration-50077001,4,Kratos,enemy_illustration-20077001,2,0,6,6,4,3,4,5,4,2,0,enemy_illustration-30077001,1001|302|303|309|310,48|49|50,2016-05-20,enemy_illustration-40077001,50|50|1,0,0,0
78001,78,enemy_illustration-10078001,enemy_illustration-50078001,4,Acheron,enemy_illustration-20078001,2,0,0,5,0,0,0,4,0,0,0,enemy_illustration-30078001,1001|309|310,51,2016-05-20,enemy_illustration-40078001,60|60|1,0,0,0
79001,79,enemy_illustration-10079001,enemy_illustration-50079001,4,Coeus,enemy_illustration-20079001,2,0,6,5,5,4,4,5,5,3,0,enemy_illustration-30079001,1001|1003|302|309|317|316,52|53,2016-05-20,enemy_illustration-40079001,40|40|1,0,0,0
80001,80,enemy_illustration-10080001,enemy_illustration-50080001,1,Ares,enemy_illustration-20080001,2,0,6,6,6,4,4,6,6,7,0,enemy_illustration-30080001,1001|302|309|326|316,93|94|95,2016-05-20,enemy_illustration-40080001,40|40|1,0,0,0
80002,80,enemy_illustration-10080002,enemy_illustration-50080002,1,Ares,enemy_illustration-20080002,2,0,6,6,6,4,4,6,6,7,0,enemy_illustration-30080002,1001|302|309|326|316,93|94|95,2016-05-20,enemy_illustration-40080002,40|40|1,0,0,0
81001,81,enemy_illustration-10081001,enemy_illustration-50081001,1,Eliza_boss,enemy_illustration-20081001,1,0,7,6,5,4,4,0,0,5,0,enemy_illustration-30081001,1001|900,85|86|87,2016-05-20,enemy_illustration-40081001,60|60|1,0,0,0
81002,81,enemy_illustration-10081002,enemy_illustration-50081002,1,Eliza_boss,enemy_illustration-20081002,1,0,7,6,5,4,4,0,0,5,0,enemy_illustration-30081002,1001|900,85|86|87,2016-05-20,enemy_illustration-40081002,60|60|1,0,0,0
82001,82,enemy_illustration-10082001,enemy_illustration-50082001,4,Hydra_beach,enemy_illustration-20082001,0,0,6,5,4,0,4,6,1,2,0,enemy_illustration-30082001,309|301,10018,2016-05-20,enemy_illustration-40082001,60|60|1,0,0,0
83001,83,enemy_illustration-10083001,enemy_illustration-50083001,4,landmine_beach,enemy_illustration-20083001,0,0,5,2,4,0,0,2,3,5,0,enemy_illustration-30083001,1001|309|322,10019,2016-05-20,enemy_illustration-40083001,100|100|1,0,0,0
84001,84,enemy_illustration-10084001,enemy_illustration-50084001,2,RecceCentre_beach,enemy_illustration-20084001,0,0,0,6,0,0,0,4,0,0,0,enemy_illustration-30084001,309|321,10021,2016-05-20,enemy_illustration-40084001,40|40|1,0,0,0
85001,85,enemy_illustration-10085001,enemy_illustration-50085001,2,Pathfinder_beach,enemy_illustration-20085001,0,0,4,2,4,3,4,4,5,2,0,enemy_illustration-30085001,303|309,10022,2016-05-20,enemy_illustration-40085001,100|100|1,0,0,0
86001,86,enemy_illustration-10086001,enemy_illustration-50086001,3,Ripper_SWAP,enemy_illustration-20086001,1,1,3,3,3,6,3,0,3,3,0,enemy_illustration-30086001,1001|303,88|90|92,2016-05-20,enemy_illustration-40086001,100|100|1,0,0,0
87001,87,enemy_illustration-10087001,enemy_illustration-50087001,3,Cocktail,enemy_illustration-20087001,0,0,3,2,4,4,2,0,3,4,0,enemy_illustration-30087001,1001|300,10087,2035-12-31,enemy_illustration-40087001,,0,0,0
88001,88,enemy_illustration-10088001,enemy_illustration-50088001,3,Cottoncaper,enemy_illustration-20088001,0,0,2,3,3,5,3,0,3,3,0,enemy_illustration-30088001,1001|300,,2035-12-31,enemy_illustration-40088001,,0,0,0
89001,89,enemy_illustration-10089001,enemy_illustration-50089001,3,Hiresniper,enemy_illustration-20089001,0,0,3,1,5,3,2,0,3,4,0,enemy_illustration-30089001,1001|307,10005,2035-12-31,enemy_illustration-40089001,,0,0,0
90001,90,enemy_illustration-10090001,enemy_illustration-50090001,3,Swordsman,enemy_illustration-20090001,0,0,5,3,4,3,3,0,4,2,0,enemy_illustration-30090001,1001|303,,2035-12-31,enemy_illustration-40090001,,0,0,0
91001,91,enemy_illustration-10091001,enemy_illustration-50091001,1,CarcanoEnemy,enemy_illustration-20091001,0,0,5,5,5,5,5,4,5,5,0,enemy_illustration-30091001,1001|307|316,10191|10091,2035-12-31,enemy_illustration-40091001,,0,0,0
92001,92,enemy_illustration-10092001,enemy_illustration-50092001,1,HenEnemy,enemy_illustration-20092001,0,0,4,4,4,4,4,0,4,3,0,enemy_illustration-30092001,1001|301,,2035-12-31,enemy_illustration-40092001,,0,0,0
93001,93,enemy_illustration-10093001,enemy_illustration-50093001,1,RicoEnemy,enemy_illustration-20093001,0,0,4,4,4,4,4,0,4,5,0,enemy_illustration-30093001,1001|301,,2035-12-31,enemy_illustration-40093001,,0,0,0
94001,94,enemy_illustration-10094001,enemy_illustration-50094001,3,Vespid_SWAP,enemy_illustration-20094001,1,1,3,2,4,4,2,0,3,4,0,enemy_illustration-30094001,1001|300,89|91,2016-05-20,enemy_illustration-40094001,100|100|1,0,0,0
95001,95,enemy_illustration-10095001,enemy_illustration-50095001,3,Brute_SWAP,enemy_illustration-20095001,1,0,5,3,4,3,3,0,4,2,0,enemy_illustration-30095001,1003|303|315,54|55,2016-05-20,enemy_illustration-40095001,85|85|1,0,0,0
96001,96,enemy_illustration-10096001,enemy_illustration-50096001,4,Nemeum_SWAP2,enemy_illustration-20096001,1,0,4,4,5,0,2,3,3,4,0,enemy_illustration-30096001,1003|309|307,56,2016-05-20,enemy_illustration-40096001,100|100|1,0,0,0
97001,97,enemy_illustration-10097001,enemy_illustration-50097001,3,refugee_hg,enemy_illustration-20097001,0,0,2,3,3,5,3,0,4,3,0,enemy_illustration-30097001,300,,2016-05-20,enemy_illustration-40097001,100|100|1,0,0,0
98001,98,enemy_illustration-10098001,enemy_illustration-50098001,3,refugee_smg,enemy_illustration-20098001,0,0,3,4,3,4,5,0,4,3,0,enemy_illustration-30098001,300,,2016-05-20,enemy_illustration-40098001,100|100|1,0,0,0
99001,99,enemy_illustration-10099001,enemy_illustration-50099001,2,Golyat_Factory,enemy_illustration-20099001,1,1,7,5,7,0,0,3,3,1,0,enemy_illustration-30099001,1003|1005|334|321,21,2016-05-20,enemy_illustration-40099001,100|100|1,0,0,0
101001,101,enemy_illustration-10101001,enemy_illustration-50101001,3,Ripper_Halloween,enemy_illustration-20101001,0,0,2,3,3,5,3,0,3,3,0,enemy_illustration-30101001,303,,2016-05-20,enemy_illustration-40101001,90|90|1,0,0,0
102001,102,enemy_illustration-10102001,enemy_illustration-50102001,3,Jaeger_Halloween,enemy_illustration-20102001,0,0,3,1,5,3,2,0,3,4,0,enemy_illustration-30102001,307,,2016-05-20,enemy_illustration-40102001,80|80|1,0,0,0
103001,103,enemy_illustration-10103001,enemy_illustration-50103001,3,Dragon_Halloween,enemy_illustration-20103001,0,0,3,3,5,3,3,0,5,5,0,enemy_illustration-30103001,304,,2016-05-20,enemy_illustration-40103001,,0,0,0
104001,104,enemy_illustration-10104001,enemy_illustration-50104001,5,Aegis_Halloween,enemy_illustration-20104001,0,0,2,4,2,0,3,5,2,2,0,enemy_illustration-30104001,303|309,,2016-05-20,enemy_illustration-40104001,,0,0,0
105001,105,enemy_illustration-10105001,enemy_illustration-50105001,4,Nemeum_Halloween,enemy_illustration-20105001,0,0,4,3,5,0,1,3,3,4,0,enemy_illustration-30105001,309,,2016-05-20,enemy_illustration-40105001,,0,0,0
106001,106,enemy_illustration-10106001,enemy_illustration-50106001,2,Dinergate_chm1,enemy_illustration-20106001,0,0,5,1,5,0,2,0,5,2,0,enemy_illustration-30106001,303,,2016-05-20,enemy_illustration-40106001,,0,0,0
107001,107,enemy_illustration-10107001,enemy_illustration-50107001,2,Dinergate_chm2,enemy_illustration-20107001,0,0,5,1,5,0,2,0,5,2,0,enemy_illustration-30107001,303,,2016-05-20,enemy_illustration-40107001,,0,0,0
108001,108,enemy_illustration-10108001,enemy_illustration-50108001,3,Guard_chm,enemy_illustration-20108001,0,1,1,4,3,1,4,0,2,2,0,enemy_illustration-30108001,303,,2016-05-20,enemy_illustration-40108001,,0,0,0
109001,109,enemy_illustration-10109001,enemy_illustration-50109001,1,Narciss,enemy_illustration-20109001,3,1,5,5,5,5,5,0,5,5,0,enemy_illustration-30109001,1001|329|330,108|109|110,2016-05-20,enemy_illustration-40109001,,0,0,0
110001,110,enemy_illustration-10110001,enemy_illustration-50110001,1,Mrsgray,enemy_illustration-20110001,3,1,5,5,5,5,5,0,5,5,0,enemy_illustration-30110001,1001|316|328|326,113|114|115,2016-05-20,enemy_illustration-40110001,,0,0,0
111001,111,enemy_illustration-10111001,enemy_illustration-50111001,1,Morridow_nor,enemy_illustration-20111001,3,0,0,0,0,0,0,0,5,0,0,enemy_illustration-30111001,1001|900,116,2016-05-20,enemy_illustration-40111001,,0,0,0
112001,112,enemy_illustration-10112001,enemy_illustration-50112001,1,Morridow,enemy_illustration-20112001,3,0,5,3,5,3,1,0,6,2,0,enemy_illustration-30112001,1001|316|329,111|112,2016-05-20,enemy_illustration-40112001,,0,0,0
113001,113,enemy_illustration-10113001,enemy_illustration-50113001,3,Plaincloth,enemy_illustration-20113001,0,0,4,5,4,3,3,0,0,4,0,enemy_illustration-30113001,1001|327,100|101,2016-05-20,enemy_illustration-40113001,,0,0,0
114001,114,enemy_illustration-10114001,enemy_illustration-50114001,3,Mobster,enemy_illustration-20114001,0,0,4,2,2,2,2,0,6,3,0,enemy_illustration-30114001,426,102|103,2016-05-20,enemy_illustration-40114001,,0,0,0
115001,115,enemy_illustration-10115001,enemy_illustration-50115001,3,Punish,enemy_illustration-20115001,3,0,4,3,3,4,2,0,6,3,0,enemy_illustration-30115001,427,104,2016-05-20,enemy_illustration-40115001,,0,0,0
116001,116,enemy_illustration-10116001,enemy_illustration-50116001,2,Cherub,enemy_illustration-20116001,3,0,5,5,5,2,4,0,2,3,0,enemy_illustration-30116001,1003|331|332,105,2016-05-20,enemy_illustration-40116001,,0,0,0
117001,117,enemy_illustration-10117001,enemy_illustration-50117001,2,Visjnoe,enemy_illustration-20117001,3,0,3,4,3,3,4,0,2,4,0,enemy_illustration-30117001,1003|428|429,106|107,2016-05-20,enemy_illustration-40117001,,0,0,0
118001,118,enemy_illustration-10118001,enemy_illustration-50118001,3,Roarer_New,enemy_illustration-20118001,3,0,4,5,3,2,2,3,2,2,0,enemy_illustration-30118001,302|309|312|316,34|35|140,2016-05-20,enemy_illustration-40118001,80|80|1,0,0,0
119001,119,enemy_illustration-10119001,enemy_illustration-50119001,4,Thunder_New,enemy_illustration-20119001,3,0,5,5,5,5,4,4,2,4,0,enemy_illustration-30119001,1001|302|309|310|315,36|37|38,2016-05-20,enemy_illustration-40119001,50|50|1,0,0,0
119002,119,enemy_illustration-10119002,enemy_illustration-50119002,4,Thunder_New,enemy_illustration-20119002,3,0,5,5,5,5,4,4,2,4,0,enemy_illustration-30119002,1001|302|309|310|315,36,2035-12-31,enemy_illustration-40119002,50|50|1,0,0,0
120001,120,enemy_illustration-10120001,enemy_illustration-50120001,3,Soldier_New,enemy_illustration-20120001,3,0,4,3,3,5,3,0,1,4,0,enemy_illustration-30120001,1003|312|316,39,2016-05-20,enemy_illustration-40120001,100|100|1,0,0,0
120002,120,enemy_illustration-10120002,enemy_illustration-50120002,3,Soldier_New,enemy_illustration-20120002,3,0,4,3,3,5,3,0,1,4,0,enemy_illustration-30120002,1003|312|316,,2035-12-31,enemy_illustration-40120002,100|100|1,0,0,0
121001,121,enemy_illustration-10121001,enemy_illustration-50121001,3,Vespid_bride,enemy_illustration-20121001,0,1,3,2,4,4,2,0,3,4,0,enemy_illustration-30121001,300,,2016-05-20,enemy_illustration-40121001,100|100|1,0,0,0
122001,122,enemy_illustration-10122001,enemy_illustration-50122001,3,Brute_Ghost,enemy_illustration-20122001,0,0,5,3,4,3,3,0,4,2,0,enemy_illustration-30122001,303,,2016-05-20,enemy_illustration-40122001,85|85|1,0,0,0
123001,123,enemy_illustration-10123001,enemy_illustration-50123001,2,RecceCentreSwim,enemy_illustration-20123001,0,1,0,6,0,0,0,4,0,0,0,enemy_illustration-30123001,309|321,21,2016-05-20,enemy_illustration-40123001,40|40|1,0,0,0
124001,124,enemy_illustration-10124001,enemy_illustration-50124001,2,PathfinderSwim,enemy_illustration-20124001,0,0,4,2,4,3,4,4,5,2,0,enemy_illustration-30124001,303|309,22,2016-05-20,enemy_illustration-40124001,100|100|1,0,0,0
125001,125,enemy_illustration-10125001,enemy_illustration-50125001,3,CyclopsSwim,enemy_illustration-20125001,0,0,4,4,4,3,3,0,4,4,0,enemy_illustration-30125001,1001|319,16,2016-05-20,enemy_illustration-40125001,85|85|1,0,0,0
126001,126,enemy_illustration-10126001,enemy_illustration-50126001,1,BossArchitect_Summer,enemy_illustration-20126001,1,1,6,5,4,3,3,3,3,5,0,enemy_illustration-30126001,1001|208|309,,2035-05-20,enemy_illustration-40126001,85|85|1,10603,0,0
127001,127,enemy_illustration-10127001,enemy_illustration-50127001,3,guard_katsura,enemy_illustration-20127001,0,0,1,3,2,3,5,0,3,3,0,enemy_illustration-30127001,430,,2016-05-20,enemy_illustration-40127001,100|100|1,0,0,0
128001,128,enemy_illustration-10128001,enemy_illustration-50128001,3,guard_bald,enemy_illustration-20128001,0,0,7,5,5,6,5,0,3,3,0,enemy_illustration-30128001,1001|430,,2016-05-20,enemy_illustration-40128001,100|100|1,0,0,0
129001,129,enemy_illustration-10129001,enemy_illustration-50129001,3,Obelisk_partB,enemy_illustration-20129001,3,0,4,3,3,5,3,0,1,4,0,enemy_illustration-30129001,1001|1003|335|320,130,2016-05-20,enemy_illustration-40129001,100|100|1,0,0,0
130001,130,enemy_illustration-10130001,enemy_illustration-50130001,2,Obelisk_partA,enemy_illustration-20130001,3,0,4,5,3,0,5,2,0,5,0,enemy_illustration-30130001,1001|302|320,129,2016-05-20,enemy_illustration-40130001,50|50|1,0,0,0
131001,131,enemy_illustration-10131001,enemy_illustration-50131001,3,Riotguard,enemy_illustration-20131001,3,0,2,3,2,2,3,0,3,2,0,enemy_illustration-30131001,431,117,2016-05-20,enemy_illustration-40131001,100|100|1,0,0,0
132001,132,enemy_illustration-10132001,enemy_illustration-50132001,5,Metalmax,enemy_illustration-20132001,3,0,2,3,4,0,2,7,3,2,0,enemy_illustration-30132001,334|432,118,2016-05-20,enemy_illustration-40132001,100|100|1,0,0,0
133001,133,enemy_illustration-10133001,enemy_illustration-50133001,5,Executioner,enemy_illustration-20133001,3,0,4,6,3,0,3,2,3,3,0,enemy_illustration-30133001,302|310|433,119|120|121,2016-05-20,enemy_illustration-40133001,80|80|1,0,0,0
134001,134,enemy_illustration-10134001,enemy_illustration-50134001,3,Grenadier,enemy_illustration-20134001,3,0,5,5,4,4,3,0,3,4,0,enemy_illustration-30134001,1003|434|435,122|123,2016-05-20,enemy_illustration-40134001,100|100|1,0,0,0
135001,135,enemy_illustration-10135001,enemy_illustration-50135001,5,Mastersergeant,enemy_illustration-20135001,3,0,6,5,5,3,5,2,3,3,0,enemy_illustration-30135001,1001|1003|436|437,124|125|139,2016-05-20,enemy_illustration-40135001,85|85|1,0,0,0
136001,136,enemy_illustration-10136001,enemy_illustration-50136001,1,Rogue_M,enemy_illustration-20136001,3,0,1,1,1,1,1,0,1,1,0,enemy_illustration-30136001,1001,,2016-05-20,enemy_illustration-40136001,100|100|1,0,0,0
137001,137,enemy_illustration-10137001,enemy_illustration-50137001,1,Obelisk,enemy_illustration-20137001,3,0,5,5,5,5,5,0,5,5,0,enemy_illustration-30137001,1001|302|335|320|309,126|127|128,2016-05-20,enemy_illustration-40137001,50|50|1,0,0,0
138001,138,enemy_illustration-10138001,enemy_illustration-50138001,1,Teal,enemy_illustration-20138001,3,0,5,5,5,5,5,0,5,5,0,enemy_illustration-30138001,1001|216|440,131|132|133|134,2016-05-20,enemy_illustration-40138001,70|70|1,0,0,0
138002,138,enemy_illustration-10138002,enemy_illustration-50138002,1,Teal,enemy_illustration-20138002,3,0,5,5,5,5,5,0,5,5,0,enemy_illustration-30138002,1001|216|440,256|257|258|259|260|261|262|263,2035-05-20,enemy_illustration-40138002,70|70|1,0,0,0
139001,139,enemy_illustration-10139001,enemy_illustration-50139001,1,Bramede,enemy_illustration-20139001,3,0,5,5,5,5,5,0,5,5,0,enemy_illustration-30139001,1001|438|439,135|136|137|138,2016-05-20,enemy_illustration-40139001,60|60|1,0,0,0
140001,140,enemy_illustration-10140001,enemy_illustration-50140001,1,Intruder_Halloween,enemy_illustration-20140001,1,1,4,4,3,4,5,0,3,3,0,enemy_illustration-30140001,1001|204,,2035-05-20,enemy_illustration-40140001,75|75|1,10602,0,0
141001,141,enemy_illustration-10141001,enemy_illustration-50141001,3,HKCAWS_XmasEnemy,enemy_illustration-20141001,0,0,5,5,5,5,5,5,5,5,0,enemy_illustration-30141001,100|441,141,2035-12-31,enemy_illustration-40141001,,0,0,0
142001,142,enemy_illustration-10142001,enemy_illustration-50142001,3,VSK_XmasEnemy,enemy_illustration-20142001,0,0,5,5,5,5,5,5,5,5,0,enemy_illustration-30142001,100|442,142,2035-12-31,enemy_illustration-40142001,,0,0,0
143001,143,enemy_illustration-10143001,enemy_illustration-50143001,3,P7_XmasEnemy,enemy_illustration-20143001,0,0,5,5,5,5,5,5,5,5,0,enemy_illustration-30143001,100|443,143,2035-12-31,enemy_illustration-40143001,,0,0,0
144001,144,enemy_illustration-10144001,enemy_illustration-50144001,3,FP6_XmasEnemy,enemy_illustration-20144001,0,0,5,5,5,5,5,5,5,5,0,enemy_illustration-30144001,100|444,144,2035-12-31,enemy_illustration-40144001,,0,0,0
145001,145,enemy_illustration-10145001,enemy_illustration-50145001,3,Type100_XmasEnemy,enemy_illustration-20145001,0,0,5,5,5,5,5,5,5,5,0,enemy_illustration-30145001,100|445,145,2035-12-31,enemy_illustration-40145001,,0,0,0
146001,146,enemy_illustration-10146001,enemy_illustration-50146001,1,Px4Storm_XmasBoss,enemy_illustration-20146001,0,0,5,5,5,5,5,5,5,5,0,enemy_illustration-30146001,1002|446|447,146|147|148|149|150,2035-12-31,enemy_illustration-40146001,,0,0,0
147001,147,enemy_illustration-10147001,enemy_illustration-50147001,1,Destroyer_Christmas,enemy_illustration-20147001,1,1,5,5,4,3,3,0,4,5,0,enemy_illustration-30147001,1001|206,,2035-05-20,enemy_illustration-40147001,85|85|1,10603,0,0
148001,148,enemy_illustration-10148001,enemy_illustration-50148001,3,Nyto_Black_SMG,enemy_illustration-20148001,3,0,2,3,3,5,3,0,3,3,0,enemy_illustration-30148001,1001|308,153,2016-05-20,enemy_illustration-40148001,,0,0,0
149001,149,enemy_illustration-10149001,enemy_illustration-50149001,5,Nyto_Black_Hammer,enemy_illustration-20149001,3,0,4,3,3,4,2,2,6,3,0,enemy_illustration-30149001,1001|303|309,154|155,2016-05-20,enemy_illustration-40149001,,0,0,0
150001,150,enemy_illustration-10150001,enemy_illustration-50150001,3,Nyto_Black_RF,enemy_illustration-20150001,3,0,4,1,5,3,2,0,3,4,0,enemy_illustration-30150001,1001|1003|307|320,156,2016-05-20,enemy_illustration-40150001,,0,0,0
151001,151,enemy_illustration-10151001,enemy_illustration-50151001,3,Nyto_White_Commander,enemy_illustration-20151001,3,0,3,4,3,3,4,0,2,4,0,enemy_illustration-30151001,1001|1003|437,157|158|159,2016-05-20,enemy_illustration-40151001,,0,0,0
152001,152,enemy_illustration-10152001,enemy_illustration-50152001,2,Cerberus_White,enemy_illustration-20152001,3,0,4,4,5,2,4,0,6,2,0,enemy_illustration-30152001,304|316,151|152,2016-05-20,enemy_illustration-40152001,,0,0,0
153001,153,enemy_illustration-10153001,enemy_illustration-50153001,3,USSR_Agent,enemy_illustration-20153001,2,0,1,3,2,3,5,0,3,3,0,enemy_illustration-30153001,1001,,2035-05-20,enemy_illustration-40153001,,0,0,0
154001,154,enemy_illustration-10154001,enemy_illustration-50154001,1,morridow_boss,enemy_illustration-20154001,3,0,5,3,5,3,1,0,6,2,0,enemy_illustration-30154001,1001|316|329|438,111|112|160,2016-05-20,enemy_illustration-40154001,,0,0,0
155001,155,enemy_illustration-10155001,enemy_illustration-50155001,1,Nimeylan,enemy_illustration-20155001,3,0,5,5,5,5,5,0,5,5,0,enemy_illustration-30155001,1001,161|162|163|164,2016-05-20,enemy_illustration-40155001,,0,0,0
155002,155,enemy_illustration-10155002,enemy_illustration-50155002,1,Nimeylan,enemy_illustration-20155002,3,0,5,5,5,5,5,0,5,5,0,enemy_illustration-30155002,1001,161|162|163|164,2016-05-20,enemy_illustration-40155002,,0,0,0
156001,156,enemy_illustration-10156001,enemy_illustration-50156001,1,RPK16_Nyto,enemy_illustration-20156001,3,0,5,5,5,5,5,5,5,5,0,enemy_illustration-30156001,1004,165,2035-05-20,enemy_illustration-40156001,,0,0,0
157001,157,enemy_illustration-10157001,enemy_illustration-50157001,1,Hunter_WhiteDay,enemy_illustration-20157001,1,1,4,4,5,5,5,4,5,4,0,enemy_illustration-30157001,1001|203|309,,2035-05-20,enemy_illustration-40157001,85|85|1,10602,0,0
158001,158,enemy_illustration-10158001,enemy_illustration-50158001,2,Dinergate_WhiteDay,enemy_illustration-20158001,0,0,5,1,5,0,2,0,5,2,0,enemy_illustration-30158001,303,,2016-05-20,enemy_illustration-40158001,100|100|1,0,0,0
159001,159,enemy_illustration-10159001,enemy_illustration-50159001,2,Dinergate_WhiteDay1,enemy_illustration-20159001,0,0,7,5,7,0,0,0,3,1,0,enemy_illustration-30159001,1001|1003|323|908,11,2016-05-20,enemy_illustration-40159001,100|100|1,0,0,0
160001,160,enemy_illustration-10160001,enemy_illustration-50160001,2,Dinergate_WhiteDay2,enemy_illustration-20160001,0,0,7,5,7,0,0,0,3,1,0,enemy_illustration-30160001,1001|1003|323|908,11,2016-05-20,enemy_illustration-40160001,100|100|1,0,0,0
161001,161,enemy_illustration-10161001,enemy_illustration-50161001,2,Dinergate_WhiteDay3,enemy_illustration-20161001,0,0,7,5,7,0,0,0,3,1,0,enemy_illustration-30161001,1001|1003|323|908,11,2016-05-20,enemy_illustration-40161001,100|100|1,0,0,0
162001,162,enemy_illustration-10162001,enemy_illustration-50162001,1,Cerberus_WhiteDay,enemy_illustration-20162001,0,0,5,5,5,3,2,4,5,2,0,enemy_illustration-30162001,1001|214|309,79|80,2016-05-20,enemy_illustration-40162001,70|70|1,0,0,0
163001,163,enemy_illustration-10163001,enemy_illustration-50163001,3,Roarer_swimsuit,enemy_illustration-20163001,0,0,4,5,3,2,2,3,2,2,0,enemy_illustration-30163001,302|309|312|316,34|35|140,2016-05-20,enemy_illustration-40163001,80|80|1,0,0,0
164001,164,enemy_illustration-10164001,enemy_illustration-50164001,3,Rodelero_swimsuit,enemy_illustration-20164001,0,0,3,4,3,3,1,2,3,4,0,enemy_illustration-30164001,309|312|320,166,2016-05-20,enemy_illustration-40164001,90|90|1,0,0,0
165001,165,enemy_illustration-10165001,enemy_illustration-50165001,3,StreletPlus_swimsuit,enemy_illustration-20165001,0,0,4,3,3,5,3,0,1,4,0,enemy_illustration-30165001,1003|312|316,39,2016-05-20,enemy_illustration-40165001,100|100|1,0,0,0
166001,166,enemy_illustration-10166001,enemy_illustration-50166001,1,Nyto_White_Summer,enemy_illustration-20166001,3,1,6,6,5,4,4,3,4,5,0,enemy_illustration-30166001,1001|216|309|312,,2035-05-20,enemy_illustration-40166001,70|70|1,10603,0,0
167001,167,enemy_illustration-10167001,enemy_illustration-50167001,3,RussianGangster_HG,enemy_illustration-20167001,0,0,1,3,2,3,5,0,3,3,0,enemy_illustration-30167001,300,167,2016-05-20,enemy_illustration-40167001,,0,0,0
168001,168,enemy_illustration-10168001,enemy_illustration-50168001,4,AA02_Mini,enemy_illustration-20168001,2,0,2,4,3,0,3,4,1,3,0,enemy_illustration-30168001,1003|302|314|319,168,2016-05-20,enemy_illustration-40168001,60|60|1,0,0,0
169001,169,enemy_illustration-10169001,enemy_illustration-50169001,4,Chariot_Military,enemy_illustration-20169001,2,0,2,5,4,2,2,5,3,3,0,enemy_illustration-30169001,1001|1003|302,169|170,2016-05-20,enemy_illustration-40169001,50|50|1,0,0,0
170001,170,enemy_illustration-10170001,enemy_illustration-50170001,3,Cyclops_MG,enemy_illustration-20170001,2,0,4,3,2,2,5,0,4,4,0,enemy_illustration-30170001,1001|308|315,171,2016-05-20,enemy_illustration-40170001,90|90|1,0,0,0
171001,171,enemy_illustration-10171001,enemy_illustration-50171001,4,Cerynitis_SWAP,enemy_illustration-20171001,2,0,5,3,5,0,1,3,3,4,0,enemy_illustration-30171001,1003|309,172,2016-05-20,enemy_illustration-40171001,,0,0,0
172001,172,enemy_illustration-10172001,enemy_illustration-50172001,5,Aegis_GA_SWAP,enemy_illustration-20172001,2,0,2,3,2,0,3,5,3,2,0,enemy_illustration-30172001,303|309|310,9|173,2016-05-20,enemy_illustration-40172001,,0,0,0
173001,173,enemy_illustration-10173001,enemy_illustration-50173001,1,Nyto_mecha,enemy_illustration-20173001,3,0,5,5,5,5,5,5,5,5,0,enemy_illustration-30173001,1001|320|302,174|175|176,2016-05-20,enemy_illustration-40173001,50|50|1,0,0,0
174001,174,enemy_illustration-10174001,enemy_illustration-50174001,1,Oldlady_boss,enemy_illustration-20174001,0,0,5,5,5,5,5,0,5,5,0,enemy_illustration-30174001,1001|329,177|178,2016-05-20,enemy_illustration-40174001,,0,0,0
175001,175,enemy_illustration-10175001,enemy_illustration-50175001,1,Excutioner_Halloween,enemy_illustration-20175001,1,1,5,4,4,5,3,3,3,2,0,enemy_illustration-30175001,1001|202,60,2035-05-20,enemy_illustration-40175001,,10604,0,0
176001,176,enemy_illustration-10176001,enemy_illustration-50176001,1,Nyto_tareus,enemy_illustration-20176001,3,1,5,5,5,5,5,5,5,5,0,enemy_illustration-30176001,1001|320,174|175|176,2035-05-20,enemy_illustration-40176001,50|50|1,10603,0,0
177001,177,enemy_illustration-10177001,enemy_illustration-50177001,4,Pumpkin_Dactyl,enemy_illustration-20177001,2,0,5,2,4,0,0,2,3,5,0,enemy_illustration-30177001,1001|309|322,19,2016-05-20,enemy_illustration-40177001,100|100|1,0,0,0
178001,178,enemy_illustration-10178001,enemy_illustration-50178001,5,Mop_Aegis,enemy_illustration-20178001,2,0,2,3,2,0,3,5,3,2,0,enemy_illustration-30178001,303|309|310,9,2016-05-20,enemy_illustration-40178001,100|100|1,0,0,0
179001,179,enemy_illustration-10179001,enemy_illustration-50179001,3,Chief_Cyclops,enemy_illustration-20179001,2,0,4,4,4,3,3,0,4,4,0,enemy_illustration-30179001,1001|319,16,2016-05-20,enemy_illustration-40179001,85|85|1,0,0,0
180001,180,enemy_illustration-10180001,enemy_illustration-50180001,1,spSCARL,enemy_illustration-20180001,0,0,5,5,5,5,5,0,5,5,0,enemy_illustration-30180001,1001,,2035-05-20,enemy_illustration-40180001,,0,0,0
181001,181,enemy_illustration-10181001,enemy_illustration-50181001,1,Scarecrow_SpringFes,enemy_illustration-20181001,1,1,5,4,4,4,4,0,4,3,0,enemy_illustration-30181001,1001,179|116|180|181|182|183,2035-05-20,enemy_illustration-40181001,70|70|1,10604,0,0
182001,182,enemy_illustration-10182001,enemy_illustration-50182001,1,Scarecrow,enemy_illustration-20182001,1,0,5,4,4,4,4,0,4,3,0,enemy_illustration-30182001,1001|201,59,2035-05-20,enemy_illustration-40182001,70|70|1,0,0,0
183001,183,enemy_illustration-10183001,enemy_illustration-50183001,1,BossGager,enemy_illustration-20183001,1,0,5,4,5,4,3,0,4,3,0,enemy_illustration-30183001,1001|207,66|67|96,2035-05-20,enemy_illustration-40183001,85|85|1,0,0,0
184001,184,enemy_illustration-10184001,enemy_illustration-50184001,1,BossArchitect,enemy_illustration-20184001,1,0,6,5,4,3,3,3,3,5,0,enemy_illustration-30184001,1001|208|309,68|69,2035-05-20,enemy_illustration-40184001,85|85|1,0,0,0
185001,185,enemy_illustration-10185001,enemy_illustration-50185001,1,Agent,enemy_illustration-20185001,1,0,5,5,5,2,4,0,2,4,0,enemy_illustration-30185001,1001|212,77|78,2035-05-20,enemy_illustration-40185001,80|80|1,0,0,0
186001,186,enemy_illustration-10186001,enemy_illustration-50186001,1,Excutioner,enemy_illustration-20186001,1,0,5,4,4,5,3,3,3,2,0,enemy_illustration-30186001,1001|202|309,60,2035-05-20,enemy_illustration-40186001,80|80|1,0,0,0
187001,187,enemy_illustration-10187001,enemy_illustration-50187001,1,Destroyer,enemy_illustration-20187001,1,0,5,5,4,3,3,0,4,5,0,enemy_illustration-30187001,1001|206,64|99,2035-05-20,enemy_illustration-40187001,85|85|1,0,0,0
188001,188,enemy_illustration-10188001,enemy_illustration-50188001,1,Weaver,enemy_illustration-20188001,1,0,4,5,5,4,4,3,4,3,0,enemy_illustration-30188001,1001|210|309,71|98,2035-05-20,enemy_illustration-40188001,80|80|1,0,0,0
189001,189,enemy_illustration-10189001,enemy_illustration-50189001,1,Dreamer,enemy_illustration-20189001,1,0,5,5,5,5,5,0,5,5,0,enemy_illustration-30189001,1001|209,70|97,2035-05-20,enemy_illustration-40189001,75|75|1,0,0,0
190001,190,enemy_illustration-10190001,enemy_illustration-50190001,1,Hunter,enemy_illustration-20190001,1,0,4,4,5,5,5,4,5,4,0,enemy_illustration-30190001,1001|203|309,62,2035-05-20,enemy_illustration-40190001,75|75|1,0,0,0
191001,191,enemy_illustration-10191001,enemy_illustration-50191001,1,Alchemist,enemy_illustration-20191001,1,0,5,5,4,5,4,0,3,3,0,enemy_illustration-30191001,1001|205,63,2035-05-20,enemy_illustration-40191001,85|85|1,0,0,0
192001,192,enemy_illustration-10192001,enemy_illustration-50192001,1,Intruder,enemy_illustration-20192001,1,0,4,4,3,4,5,0,3,3,0,enemy_illustration-30192001,1001|204,84,2035-05-20,enemy_illustration-40192001,85|85|1,0,0,0
193001,193,enemy_illustration-10193001,enemy_illustration-50193001,1,Justice,enemy_illustration-20193001,1,0,5,6,4,4,4,3,4,5,0,enemy_illustration-30193001,1001|211|309,73|74|75,2035-05-20,enemy_illustration-40193001,70|70|1,0,0,0
194001,194,enemy_illustration-10194001,enemy_illustration-50194001,1,Scarecrow_SpringFes,enemy_illustration-20194001,1,0,5,4,4,4,4,0,4,3,0,enemy_illustration-30194001,1001,179|116|180|181|182|183,2035-05-20,enemy_illustration-40194001,70|70|1,0,0,0
200001,200,enemy_illustration-10200001,enemy_illustration-50200001,2,MechanicalSpiderM,enemy_illustration-20200001,3,0,3,5,5,4,3,5,3,2,3,enemy_illustration-30200001,1001|1005|302|309|321,199|200|201,2016-05-20,enemy_illustration-40200001,70|70|1,0,0,0
201001,201,enemy_illustration-10201001,enemy_illustration-50201001,2,MechanicalSpiderS,enemy_illustration-20201001,3,0,3,1,5,5,4,1,5,1,0,enemy_illustration-30201001,303|304|306|309|316,202,2016-05-20,enemy_illustration-40201001,70|70|1,0,0,0
202001,202,enemy_illustration-10202001,enemy_illustration-50202001,4,Fortress,enemy_illustration-20202001,3,0,6,5,5,1,3,6,3,3,5,enemy_illustration-30202001,1001|1005|302|309|319|313,203|204|205,2016-05-20,enemy_illustration-40202001,70|70|1,0,0,0
203001,203,enemy_illustration-10203001,enemy_illustration-50203001,3,Engineer,enemy_illustration-20203001,3,0,5,5,4,2,6,0,3,3,0,enemy_illustration-30203001,1001|321,206|169,2016-05-20,enemy_illustration-40203001,70|70|1,0,0,0
204001,204,enemy_illustration-10204001,enemy_illustration-50204001,4,Mecha_N,enemy_illustration-20204001,3,0,5,5,5,3,4,5,3,5,0,enemy_illustration-30204001,1001|1003|302|309|313|319|310,207|208,2016-05-20,enemy_illustration-40204001,50|50|1,0,0,0
205001,205,enemy_illustration-10205001,enemy_illustration-50205001,3,Artillery,enemy_illustration-20205001,3,0,5,5,4,2,3,0,3,4,0,enemy_illustration-30205001,1003|319|316,209|210,2016-05-20,enemy_illustration-40205001,70|70|1,0,0,0
206001,206,enemy_illustration-10206001,enemy_illustration-50206001,1,Nyto_mecha2,enemy_illustration-20206001,3,1,5,6,5,6,4,0,6,7,0,enemy_illustration-30206001,1001|216,211|212|213|214|215|216,2016-05-20,enemy_illustration-40206001,70|70|1,0,0,0
206002,206,enemy_illustration-10206002,enemy_illustration-50206002,1,Nyto_mecha2,enemy_illustration-20206002,3,1,5,6,5,6,4,0,6,7,0,enemy_illustration-30206002,1001|216,211|212|213|214|215|216,2016-05-20,enemy_illustration-40206002,70|70|1,0,0,0
207001,207,enemy_illustration-10207001,enemy_illustration-50207001,1,Pamzan_Final,enemy_illustration-20207001,3,0,4,5,4,5,5,2,4,3,5,enemy_illustration-30207001,1001,217|218|219|220,2016-05-20,enemy_illustration-40207001,70|70|1,0,0,0
208001,208,enemy_illustration-10208001,enemy_illustration-50208001,3,M4A1_enemy,enemy_illustration-20208001,0,0,5,5,5,5,5,0,5,5,0,enemy_illustration-30208001,100,,2035-12-31,enemy_illustration-40208001,70|70|1,0,0,0
209001,209,enemy_illustration-10209001,enemy_illustration-50209001,3,AR15_enemy,enemy_illustration-20209001,0,0,5,5,5,5,5,0,5,5,0,enemy_illustration-30209001,100,,2035-12-31,enemy_illustration-40209001,70|70|1,0,0,0
210001,210,enemy_illustration-10210001,enemy_illustration-50210001,3,M4 SOPMOD II_enemy,enemy_illustration-20210001,0,0,5,5,5,5,5,0,5,5,0,enemy_illustration-30210001,100,,2035-12-31,enemy_illustration-40210001,70|70|1,0,0,0
211001,211,enemy_illustration-10211001,enemy_illustration-50211001,3,M16A1Griffin,enemy_illustration-20211001,0,0,5,5,5,5,5,0,5,5,0,enemy_illustration-30211001,100,,2035-12-31,enemy_illustration-40211001,70|70|1,0,0,0
212001,212,enemy_illustration-10212001,enemy_illustration-50212001,3,USSR_Agent,enemy_illustration-20212001,0,0,1,3,2,3,5,0,3,3,0,enemy_illustration-30212001,1001,,2035-05-20,enemy_illustration-40212001,,0,0,0
213001,213,enemy_illustration-10213001,enemy_illustration-50213001,3,Obelisk_partB,enemy_illustration-20213001,3,0,1,3,3,5,3,0,1,4,0,enemy_illustration-30213001,1001|1003|335|320,130,2035-05-20,enemy_illustration-40213001,100|100|1,0,0,0
216001,216,enemy_illustration-10216001,enemy_illustration-50216001,1,Dreamer_Halloween,enemy_illustration-20216001,1,1,5,5,5,5,5,0,5,5,0,enemy_illustration-30216001,1001|209,70|97,2035-05-20,enemy_illustration-40216001,,10604,0,0
217001,217,enemy_illustration-10217001,enemy_illustration-50217001,3,AR15Mod_enemy,enemy_illustration-20217001,0,0,5,5,5,5,5,0,5,5,0,enemy_illustration-30217001,100,224|225|226|227,2035-12-31,enemy_illustration-40217001,70|70|1,0,0,0
218001,218,enemy_illustration-10218001,enemy_illustration-50218001,3,A545_NPC,enemy_illustration-20218001,0,0,5,5,5,5,5,0,5,5,0,enemy_illustration-30218001,100,222,2035-12-31,enemy_illustration-40218001,70|70|1,0,0,0
219001,219,enemy_illustration-10219001,enemy_illustration-50219001,3,PPsh41Enemy,enemy_illustration-20219001,0,0,5,5,5,5,5,0,5,5,0,enemy_illustration-30219001,100,223,2035-12-31,enemy_illustration-40219001,70|70|1,0,0,0
220001,220,enemy_illustration-10220001,enemy_illustration-50220001,3,AK47_enemy,enemy_illustration-20220001,0,0,5,5,5,5,5,0,5,5,0,enemy_illustration-30220001,100,,2035-12-31,enemy_illustration-40220001,70|70|1,0,0,0
221001,221,enemy_illustration-10221001,enemy_illustration-50221001,3,VZ61Enemy,enemy_illustration-20221001,0,0,5,5,5,5,5,0,5,5,0,enemy_illustration-30221001,100,,2035-12-31,enemy_illustration-40221001,70|70|1,0,0,0
222001,222,enemy_illustration-10222001,enemy_illustration-50222001,3,MAC10Enemy,enemy_illustration-20222001,0,0,5,5,5,5,5,0,5,5,0,enemy_illustration-30222001,100,,2035-12-31,enemy_illustration-40222001,70|70|1,0,0,0
223001,223,enemy_illustration-10223001,enemy_illustration-50223001,3,Nyto_Isomer_F,enemy_illustration-20223001,3,0,2,3,3,5,3,0,3,3,0,enemy_illustration-30223001,303,228,2016-05-20,enemy_illustration-40223001,,0,0,0
224001,224,enemy_illustration-10224001,enemy_illustration-50224001,3,Nyto_Isomer_N,enemy_illustration-20224001,3,0,2,3,3,5,3,0,3,3,0,enemy_illustration-30224001,319,229,2016-05-20,enemy_illustration-40224001,,0,0,0
225001,225,enemy_illustration-10225001,enemy_illustration-50225001,3,Nyto_Isomer_S,enemy_illustration-20225001,3,0,2,3,3,5,3,0,3,3,0,enemy_illustration-30225001,307,230,2016-05-20,enemy_illustration-40225001,,0,0,0
226001,226,enemy_illustration-10226001,enemy_illustration-50226001,3,Mk48_10304_enemy,enemy_illustration-20226001,0,0,5,5,5,5,5,0,5,5,0,enemy_illustration-30226001,100,,2035-12-31,enemy_illustration-40226001,70|70|1,0,0,0
227001,227,enemy_illustration-10227001,enemy_illustration-50227001,3,Fedorov_10305_enemy,enemy_illustration-20227001,0,0,5,5,5,5,5,0,5,5,0,enemy_illustration-30227001,100,,2035-12-31,enemy_illustration-40227001,70|70|1,0,0,0
228001,228,enemy_illustration-10228001,enemy_illustration-50228001,3,PP90_10306_enemy,enemy_illustration-20228001,0,0,5,5,5,5,5,0,5,5,0,enemy_illustration-30228001,100,,2035-12-31,enemy_illustration-40228001,70|70|1,0,0,0
229001,229,enemy_illustration-10229001,enemy_illustration-50229001,3,TPS_10301_enemy,enemy_illustration-20229001,0,0,5,5,5,5,5,0,5,5,0,enemy_illustration-30229001,100,,2035-12-31,enemy_illustration-40229001,70|70|1,0,0,0
230001,230,enemy_illustration-10230001,enemy_illustration-50230001,3,Stevens520_enemy,enemy_illustration-20230001,0,0,5,5,5,5,5,0,5,5,0,enemy_illustration-30230001,100,,2035-12-31,enemy_illustration-40230001,70|70|1,0,0,0
231001,231,enemy_illustration-10231001,enemy_illustration-50231001,3,Stevens620_enemy,enemy_illustration-20231001,0,0,5,5,5,5,5,0,5,5,0,enemy_illustration-30231001,100,,2035-12-31,enemy_illustration-40231001,70|70|1,0,0,0
232001,232,enemy_illustration-10232001,enemy_illustration-50232001,3,Erma_enemy,enemy_illustration-20232001,0,0,5,5,5,5,5,0,5,5,0,enemy_illustration-30232001,100,,2035-12-31,enemy_illustration-40232001,70|70|1,0,0,0
233001,233,enemy_illustration-10233001,enemy_illustration-50233001,1,LaplaceBoss,enemy_illustration-20233001,0,0,5,5,5,5,5,5,5,5,0,enemy_illustration-30233001,1001|1004|1006,231|232|233|234|235|236|237,2016-05-20,enemy_illustration-40233001,70|70|1,0,0,0
234001,234,enemy_illustration-10234001,enemy_illustration-50234001,1,Eliza_boss_Free,enemy_illustration-20234001,1,0,7,6,5,4,4,0,0,5,0,enemy_illustration-30234001,1001|900,85|86|87,2016-05-20,enemy_illustration-40234001,60|60|1,0,0,0
235001,235,enemy_illustration-10235001,enemy_illustration-50235001,1,RPK16Reborn,enemy_illustration-20235001,3,0,5,5,5,5,5,5,5,5,0,enemy_illustration-30235001,1001|437|438,238|239|240|241|242,2035-05-20,enemy_illustration-40235001,,0,0,0
236001,236,enemy_illustration-10236001,enemy_illustration-50236001,1,GagerSwimwear,enemy_illustration-20236001,1,1,6,5,4,3,3,0,3,5,0,enemy_illustration-30236001,1001|207,,2035-05-20,enemy_illustration-40236001,85|85|1,10602,0,0
237001,237,enemy_illustration-10237001,enemy_illustration-50237001,4,Cerynitis_Deutsch,enemy_illustration-20237001,2,0,5,3,5,0,1,3,3,4,0,enemy_illustration-30237001,1003|309,,2016-05-20,enemy_illustration-40237001,100|100|1,0,0,0
238001,238,enemy_illustration-10238001,enemy_illustration-50238001,4,Hydra_Deutsch,enemy_illustration-20238001,2,0,6,5,4,0,4,6,1,2,0,enemy_illustration-30238001,1003|309|301,1801,2016-05-20,enemy_illustration-40238001,80|80|1,0,0,0
239001,239,enemy_illustration-10239001,enemy_illustration-50239001,4,Coeus_Deutsch,enemy_illustration-20239001,2,0,6,5,5,4,4,5,5,3,0,enemy_illustration-30239001,1001|1003|302|309|317|316,52|53,2016-05-20,enemy_illustration-40239001,40|40|1,0,0,0
240001,240,enemy_illustration-10240001,enemy_illustration-50240001,3,Soldier_Deutsch_AR,enemy_illustration-20240001,2,0,4,4,4,3,3,0,4,4,0,enemy_illustration-30240001,1001,,2016-05-20,enemy_illustration-40240001,85|85|1,0,0,0
241001,241,enemy_illustration-10241001,enemy_illustration-50241001,5,Soldier_Deutsch_SG,enemy_illustration-20241001,2,0,4,4,3,3,2,4,3,4,0,enemy_illustration-30241001,1001|309|314,,2016-05-20,enemy_illustration-40241001,85|85|1,0,0,0
242001,242,enemy_illustration-10242001,enemy_illustration-50242001,3,Soldier_Deutsch_RF,enemy_illustration-20242001,2,0,4,1,5,3,2,0,3,4,0,enemy_illustration-30242001,1001|307,,2016-05-20,enemy_illustration-40242001,85|85|1,0,0,0
243001,243,enemy_illustration-10243001,enemy_illustration-50243001,3,Soldier_Deutsch_MG,enemy_illustration-20243001,2,0,4,3,2,2,5,0,4,4,0,enemy_illustration-30243001,1001|308|315,,2016-05-20,enemy_illustration-40243001,85|85|1,0,0,0
244001,244,enemy_illustration-10244001,enemy_illustration-50244001,4,AA02_Mini_Deutsch,enemy_illustration-20244001,2,0,2,4,3,0,3,4,1,3,0,enemy_illustration-30244001,1003|302|314|319,168,2016-05-20,enemy_illustration-40244001,60|60|1,0,0,0
245001,245,enemy_illustration-10245001,enemy_illustration-50245001,4,Chariot_Military_Deutsch,enemy_illustration-20245001,2,0,2,5,4,2,2,5,3,3,0,enemy_illustration-30245001,1001|1003|302,169|170,2016-05-20,enemy_illustration-40245001,50|50|1,0,0,0
246001,246,enemy_illustration-10246001,enemy_illustration-50246001,5,Aegis_GA_Deutsch,enemy_illustration-20246001,2,0,2,3,2,0,3,5,3,2,0,enemy_illustration-30246001,303|309|310,9|173,2016-05-20,enemy_illustration-40246001,,0,0,0
247001,247,enemy_illustration-10247001,enemy_illustration-50247001,1,HebeBoss,enemy_illustration-20247001,3,0,5,5,5,5,5,5,5,5,0,enemy_illustration-30247001,1001|216|329,243|244|245,2016-05-20,enemy_illustration-40247001,70|70|1,0,0,0
248001,248,enemy_illustration-10248001,enemy_illustration-50248001,1,StyxBoss,enemy_illustration-20248001,3,0,5,5,5,5,5,5,5,5,0,enemy_illustration-30248001,1001|216,246|247|248|249|250,2016-05-20,enemy_illustration-40248001,50|50|1,0,0,0
249001,249,enemy_illustration-10249001,enemy_illustration-50249001,3,BrenTen_enemy,enemy_illustration-20249001,0,0,5,5,5,5,5,0,5,5,0,enemy_illustration-30249001,100,,2035-12-31,enemy_illustration-40249001,70|70|1,0,0,0
250001,250,enemy_illustration-10250001,enemy_illustration-50250001,3,FNP9_enemy,enemy_illustration-20250001,0,0,5,5,5,5,5,0,5,5,0,enemy_illustration-30250001,100,,2035-12-31,enemy_illustration-40250001,70|70|1,0,0,0
251001,251,enemy_illustration-10251001,enemy_illustration-50251001,3,IDW_enemy,enemy_illustration-20251001,0,0,5,5,5,5,5,0,5,5,0,enemy_illustration-30251001,100,,2035-12-31,enemy_illustration-40251001,70|70|1,0,0,0
252001,252,enemy_illustration-10252001,enemy_illustration-50252001,3,SpectreM4_enemy,enemy_illustration-20252001,0,0,5,5,5,5,5,0,5,5,0,enemy_illustration-30252001,100,,2035-12-31,enemy_illustration-40252001,70|70|1,0,0,0
253001,253,enemy_illustration-10253001,enemy_illustration-50253001,3,63type_enemy,enemy_illustration-20253001,0,0,5,5,5,5,5,0,5,5,0,enemy_illustration-30253001,100,,2035-12-31,enemy_illustration-40253001,70|70|1,0,0,0
254001,254,enemy_illustration-10254001,enemy_illustration-50254001,3,L85A1_enemy,enemy_illustration-20254001,0,0,5,5,5,5,5,0,5,5,0,enemy_illustration-30254001,100,,2035-12-31,enemy_illustration-40254001,70|70|1,0,0,0
255001,255,enemy_illustration-10255001,enemy_illustration-50255001,1,BossWilliam,enemy_illustration-20255001,3,0,5,5,5,5,5,5,5,5,0,enemy_illustration-30255001,1004,,2035-12-31,enemy_illustration-40255001,70|70|1,0,0,0
255002,255,enemy_illustration-10255002,enemy_illustration-50255002,1,BossWilliam,enemy_illustration-20255002,3,0,5,5,5,5,5,5,5,5,0,enemy_illustration-30255002,1001|1004,264|265|266|267|268,2035-12-31,enemy_illustration-40255002,70|70|1,0,0,0
255003,255,enemy_illustration-10255003,enemy_illustration-50255003,1,BossWilliam,enemy_illustration-20255003,3,0,5,5,5,5,5,5,5,5,0,enemy_illustration-30255003,1004,,2035-12-31,enemy_illustration-40255003,70|70|1,0,0,0
256001,256,enemy_illustration-10256001,enemy_illustration-50256001,3,assassin_M,enemy_illustration-20256001,3,0,5,5,5,5,5,0,5,1,0,enemy_illustration-30256001,1001|1004,,2016-05-20,enemy_illustration-40256001,100|100|1,0,0,0
257001,257,enemy_illustration-10257001,enemy_illustration-50257001,1,BossLunasia,enemy_illustration-20257001,3,0,5,5,5,5,5,5,5,5,0,enemy_illustration-30257001,1004,269|270|271|272|273|274|275,2016-05-20,enemy_illustration-40257001,70|70|1,0,0,0
100001001,100001,enemy_illustration-110001001,enemy_illustration-150001001,1,Gebbennu,enemy_illustration-120001001,3,0,6,7,5,5,4,4,4,5,0,enemy_illustration-130001001,1001|309,,2035-12-31,enemy_illustration-140001001,100|100|1,0,0,0
100001002,100001,enemy_illustration-110001002,enemy_illustration-150001002,1,Gebbennu,enemy_illustration-120001002,3,0,6,7,5,5,4,4,4,5,0,enemy_illustration-130001002,1001,251|252|253|254|255,2035-12-31,enemy_illustration-140001002,100|100|1,0,0,0
100009001,100009,enemy_illustration-110009001,enemy_illustration-150009001,2,Pathfinder_Small,enemy_illustration-120009001,0,0,5,5,5,5,5,5,5,5,0,enemy_illustration-130009001,903,,2035-12-31,enemy_illustration-140009001,,0,0,1
100011001,100011,enemy_illustration-110011001,enemy_illustration-150011001,3,GG_Elfeldt_SF,enemy_illustration-120011001,0,0,5,5,5,5,5,5,5,5,0,enemy_illustration-130011001,1004,,2016-05-20,enemy_illustration-140011001,,0,0,1
100012001,100012,enemy_illustration-110012001,enemy_illustration-150012001,3,BH2_Shield,enemy_illustration-120012001,0,0,5,5,5,5,5,5,5,5,0,enemy_illustration-130012001,1004,,2016-05-20,enemy_illustration-140012001,,0,0,1
100013001,100013,enemy_illustration-110013001,enemy_illustration-150013001,3,BH2_Normal,enemy_illustration-120013001,0,0,5,5,5,5,5,5,5,5,0,enemy_illustration-130013001,1004,,2016-05-20,enemy_illustration-140013001,,0,0,1
100014001,100014,enemy_illustration-110014001,enemy_illustration-150014001,3,BH2_Archer,enemy_illustration-120014001,0,0,5,5,5,5,5,5,5,5,0,enemy_illustration-130014001,1004,,2016-05-20,enemy_illustration-140014001,,0,0,1
100015001,100015,enemy_illustration-110015001,enemy_illustration-150015001,3,BH2_Burst,enemy_illustration-120015001,0,0,5,5,5,5,5,5,5,5,0,enemy_illustration-130015001,1004,,2016-05-20,enemy_illustration-140015001,,0,0,1
100016001,100016,enemy_illustration-110016001,enemy_illustration-150016001,1,SeeleVollerei,enemy_illustration-120016001,0,0,5,5,5,5,5,5,5,5,0,enemy_illustration-130016001,1004,,2016-05-20,enemy_illustration-140016001,,0,0,1
100017001,100017,enemy_illustration-110017001,enemy_illustration-150017001,1,TheresaApocalypse,enemy_illustration-120017001,0,0,5,5,5,5,5,5,5,5,0,enemy_illustration-130017001,1004,,2016-05-20,enemy_illustration-140017001,,0,0,1
100018001,100018,enemy_illustration-110018001,enemy_illustration-150018001,3,DivMauler,enemy_illustration-120018001,0,0,5,5,5,5,5,5,5,5,0,enemy_illustration-130018001,401|402,,2016-05-20,enemy_illustration-140018001,,0,0,1
100019001,100019,enemy_illustration-110019001,enemy_illustration-150019001,3,DivGrenadier,enemy_illustration-120019001,0,0,5,5,5,5,5,5,5,5,0,enemy_illustration-130019001,403,,2016-05-20,enemy_illustration-140019001,,0,0,1
100020001,100020,enemy_illustration-110020001,enemy_illustration-150020001,3,DivSweeper,enemy_illustration-120020001,0,0,5,5,5,5,5,5,5,5,0,enemy_illustration-130020001,1001|404|415,,2016-05-20,enemy_illustration-140020001,,0,0,1
100021001,100021,enemy_illustration-110021001,enemy_illustration-150021001,3,DivRunner,enemy_illustration-120021001,0,0,5,5,5,5,5,5,5,5,0,enemy_illustration-130021001,1001|405,,2016-05-20,enemy_illustration-140021001,,0,0,1
100022001,100022,enemy_illustration-110022001,enemy_illustration-150022001,3,DivGuard,enemy_illustration-120022001,0,0,5,5,5,5,5,5,5,5,0,enemy_illustration-130022001,1001|406|407,,2016-05-20,enemy_illustration-140022001,,0,0,1
100023001,100023,enemy_illustration-110023001,enemy_illustration-150023001,3,DivExecutor,enemy_illustration-120023001,0,0,5,5,5,5,5,5,5,5,0,enemy_illustration-130023001,300,,2016-05-20,enemy_illustration-140023001,,0,0,1
100024001,100024,enemy_illustration-110024001,enemy_illustration-150024001,3,DivRifleman,enemy_illustration-120024001,0,0,5,5,5,5,5,5,5,5,0,enemy_illustration-130024001,408,,2016-05-20,enemy_illustration-140024001,,0,0,1
100025001,100025,enemy_illustration-110025001,enemy_illustration-150025001,3,DivScout,enemy_illustration-120025001,0,0,5,5,5,5,5,5,5,5,0,enemy_illustration-130025001,409|410,,2016-05-20,enemy_illustration-140025001,,0,0,1
100026001,100026,enemy_illustration-110026001,enemy_illustration-150026001,3,DivEngineer,enemy_illustration-120026001,0,0,5,5,5,5,5,5,5,5,0,enemy_illustration-130026001,411|412|413,,2016-05-20,enemy_illustration-140026001,,0,0,1
100027001,100027,enemy_illustration-110027001,enemy_illustration-150027001,3,DivTraitor,enemy_illustration-120027001,0,0,5,5,5,5,5,5,5,5,0,enemy_illustration-130027001,1001|414|415,,2016-05-20,enemy_illustration-140027001,,0,0,1
100028001,100028,enemy_illustration-110028001,enemy_illustration-150028001,1,AK47_enemy,enemy_illustration-120028001,0,0,5,5,5,5,5,5,5,5,0,enemy_illustration-130028001,1001|423,,2016-05-20,enemy_illustration-140028001,,0,0,1
100029001,100029,enemy_illustration-110029001,enemy_illustration-150029001,1,DivBurn,enemy_illustration-120029001,0,0,5,5,5,5,5,5,5,5,0,enemy_illustration-130029001,1001|417|404|416,,2016-05-20,enemy_illustration-140029001,,0,0,1
100030001,100030,enemy_illustration-110030001,enemy_illustration-150030001,1,HK416Boss,enemy_illustration-120030001,0,0,5,5,5,5,5,5,5,5,0,enemy_illustration-130030001,1001|420|421|422,,2016-05-20,enemy_illustration-140030001,,0,0,1
100030002,100030,enemy_illustration-110030002,enemy_illustration-150030002,1,HK416Boss,enemy_illustration-120030002,0,0,5,5,5,5,5,5,5,5,0,enemy_illustration-130030002,1001|424|425,,2016-05-20,enemy_illustration-140030002,,0,0,1
100031001,100031,enemy_illustration-110031001,enemy_illustration-150031001,1,VectorBoss,enemy_illustration-120031001,0,0,5,5,5,5,5,5,5,5,0,enemy_illustration-130031001,1001|419|418|416,,2016-05-20,enemy_illustration-140031001,,0,0,1
100031002,100031,enemy_illustration-110031002,enemy_illustration-150031002,1,VectorBoss,enemy_illustration-120031002,0,0,5,5,5,5,5,5,5,5,0,enemy_illustration-130031002,1001|424|425,,2016-05-20,enemy_illustration-140031002,,0,0,1
100032001,100032,enemy_illustration-110032001,enemy_illustration-150032001,1,Vector_enemy,enemy_illustration-120032001,0,0,5,5,5,5,5,5,5,5,0,enemy_illustration-130032001,1001|300,,2016-05-20,enemy_illustration-140032001,,0,0,1
100033001,100033,enemy_illustration-110033001,enemy_illustration-150033001,3,Dropkick_MeleeDevil,enemy_illustration-120033001,0,0,5,5,5,5,5,5,5,5,0,enemy_illustration-130033001,1001|303|309,,2016-05-20,enemy_illustration-140033001,,0,0,1
100034001,100034,enemy_illustration-110034001,enemy_illustration-150034001,3,Dropkick_RemoteDevil,enemy_illustration-120034001,0,0,5,5,5,5,5,5,5,5,0,enemy_illustration-130034001,1001|309,,2016-05-20,enemy_illustration-140034001,,0,0,1
100035001,100035,enemy_illustration-110035001,enemy_illustration-150035001,3,Dropkick_IceGhost,enemy_illustration-120035001,0,0,5,5,5,5,5,5,5,5,0,enemy_illustration-130035001,1001|315|324|329,,2016-05-20,enemy_illustration-140035001,,0,0,1
100036001,100036,enemy_illustration-110036001,enemy_illustration-150036001,3,Dropkick_CyclopsChan,enemy_illustration-120036001,0,0,5,5,5,5,5,5,5,5,0,enemy_illustration-130036001,1001|303,,2016-05-20,enemy_illustration-140036001,,0,0,1
100037001,100037,enemy_illustration-110037001,enemy_illustration-150037001,3,Dropkick_BeansEmissary,enemy_illustration-120037001,0,0,5,5,5,5,5,5,5,5,0,enemy_illustration-130037001,1001|324,,2016-05-20,enemy_illustration-140037001,,0,0,1
100038001,100038,enemy_illustration-110038001,enemy_illustration-150038001,3,Dropkick_Beth,enemy_illustration-120038001,0,0,5,5,5,5,5,5,5,5,0,enemy_illustration-130038001,1001|304|333,,2016-05-20,enemy_illustration-140038001,,0,0,1
100039001,100039,enemy_illustration-110039001,enemy_illustration-150039001,1,Dropkick_YurineBoss,enemy_illustration-120039001,0,0,5,5,5,5,5,5,5,5,0,enemy_illustration-130039001,1001|321|329,,2016-05-20,enemy_illustration-140039001,,0,0,1
100040001,100040,enemy_illustration-110040001,enemy_illustration-150040001,1,Dropkick_MinosBoss,enemy_illustration-120040001,0,0,5,5,5,5,5,5,5,5,0,enemy_illustration-130040001,1001|329,,2016-05-20,enemy_illustration-140040001,,0,0,1
100041001,100041,enemy_illustration-110041001,enemy_illustration-150041001,3,Bathhouse_guest_2,enemy_illustration-120041001,0,0,5,5,5,5,5,5,5,5,0,enemy_illustration-130041001,303|313,10037,2016-05-20,enemy_illustration-140041001,,0,0,1
100042001,100042,enemy_illustration-110042001,enemy_illustration-150042001,3,Bathhouse_guest_1,enemy_illustration-120042001,0,0,5,5,5,5,5,5,5,5,0,enemy_illustration-130042001,309|312|316,10038|140,2016-05-20,enemy_illustration-140042001,,0,0,1
100043001,100043,enemy_illustration-110043001,enemy_illustration-150043001,4,Tyre_enemy,enemy_illustration-120043001,0,0,5,5,5,5,5,5,5,5,0,enemy_illustration-130043001,304|319,10039,2016-05-20,enemy_illustration-140043001,,0,0,1
100044001,100044,enemy_illustration-110044001,enemy_illustration-150044001,4,Truck_enemy,enemy_illustration-120044001,0,0,5,5,5,5,5,5,5,5,0,enemy_illustration-130044001,1001|1003|304|902,10040,2016-05-20,enemy_illustration-140044001,,0,0,1
100045001,100045,enemy_illustration-110045001,enemy_illustration-150045001,4,Bubble_machine,enemy_illustration-120045001,0,0,5,5,5,5,5,5,5,5,0,enemy_illustration-130045001,321,10041,2016-05-20,enemy_illustration-140045001,,0,0,1
100046001,100046,enemy_illustration-110046001,enemy_illustration-150046001,2,Bubble,enemy_illustration-120046001,0,0,5,5,5,5,5,5,5,5,0,enemy_illustration-130046001,319,10042,2016-05-20,enemy_illustration-140046001,,0,0,1
100047001,100047,enemy_illustration-110047001,enemy_illustration-150047001,2,saga_dog_enemy,enemy_illustration-120047001,0,0,5,5,5,5,5,5,5,5,0,enemy_illustration-130047001,304|315,10043,2016-05-20,enemy_illustration-140047001,,0,0,1
100048001,100048,enemy_illustration-110048001,enemy_illustration-150048001,3,HK21_SagaEnemy,enemy_illustration-120048001,0,0,5,5,5,5,5,5,5,5,0,enemy_illustration-130048001,100,10044,2016-05-20,enemy_illustration-140048001,,0,0,1
100049001,100049,enemy_illustration-110049001,enemy_illustration-150049001,3,JS-127_SagaEnemy,enemy_illustration-120049001,0,0,5,5,5,5,5,5,5,5,0,enemy_illustration-130049001,100,10045,2016-05-20,enemy_illustration-140049001,,0,0,1
100050001,100050,enemy_illustration-110050001,enemy_illustration-150050001,3,PM06_SagaEnemy,enemy_illustration-120050001,0,0,5,5,5,5,5,5,5,5,0,enemy_illustration-130050001,100,10046,2016-05-20,enemy_illustration-140050001,,0,0,1
100051001,100051,enemy_illustration-110051001,enemy_illustration-150051001,3,MG5_SagaEnemy,enemy_illustration-120051001,0,0,5,5,5,5,5,5,5,5,0,enemy_illustration-130051001,100,10047,2016-05-20,enemy_illustration-140051001,,0,0,1
100052001,100052,enemy_illustration-110052001,enemy_illustration-150052001,3,M1887_SagaEnemy,enemy_illustration-120052001,0,0,5,5,5,5,5,5,5,5,0,enemy_illustration-130052001,100,10048,2016-05-20,enemy_illustration-140052001,,0,0,1
100053001,100053,enemy_illustration-110053001,enemy_illustration-150053001,3,80type_SagaEnemy,enemy_illustration-120053001,0,0,5,5,5,5,5,5,5,5,0,enemy_illustration-130053001,100,10049,2016-05-20,enemy_illustration-140053001,,0,0,1
100054001,100054,enemy_illustration-110054001,enemy_illustration-150054001,3,M1897_SagaEnemy,enemy_illustration-120054001,0,0,5,5,5,5,5,5,5,5,0,enemy_illustration-130054001,100,10050,2016-05-20,enemy_illustration-140054001,,0,0,1
100055001,100055,enemy_illustration-110055001,enemy_illustration-150055001,3,G11_SagaEnemy,enemy_illustration-120055001,0,0,5,5,5,5,5,5,5,5,0,enemy_illustration-130055001,100,10051,2016-05-20,enemy_illustration-140055001,,0,0,1
100056001,100056,enemy_illustration-110056001,enemy_illustration-150056001,3,FacelessMenA,enemy_illustration-120056001,0,0,1,4,1,5,4,0,1,5,0,enemy_illustration-130056001,303,40,2016-05-20,enemy_illustration-140056001,,0,0,1
100057001,100057,enemy_illustration-110057001,enemy_illustration-150057001,3,FacelessMenB,enemy_illustration-120057001,0,0,1,4,1,5,4,0,1,5,0,enemy_illustration-130057001,303,40,2016-05-20,enemy_illustration-140057001,,0,0,1
100058001,100058,enemy_illustration-110058001,enemy_illustration-150058001,3,SPS_NPC,enemy_illustration-120058001,0,0,5,5,5,5,5,5,5,5,0,enemy_illustration-130058001,100,,2016-05-20,enemy_illustration-140058001,,0,0,1
100059001,100059,enemy_illustration-110059001,enemy_illustration-150059001,3,KSVK_NPC,enemy_illustration-120059001,0,0,5,5,5,5,5,5,5,5,0,enemy_illustration-130059001,100,,2016-05-20,enemy_illustration-140059001,,0,0,1
100060001,100060,enemy_illustration-110060001,enemy_illustration-150060001,3,A545_NPC,enemy_illustration-120060001,0,0,5,5,5,5,5,5,5,5,0,enemy_illustration-130060001,100,,2016-05-20,enemy_illustration-140060001,,0,0,1
100061001,100061,enemy_illustration-110061001,enemy_illustration-150061001,1,EzakiBoss,enemy_illustration-120061001,0,0,5,5,5,5,5,5,5,5,0,enemy_illustration-130061001,1001,10052|10053,2016-05-20,enemy_illustration-140061001,,0,0,1
100062001,100062,enemy_illustration-110062001,enemy_illustration-150062001,1,TakashiBoss,enemy_illustration-120062001,0,0,5,5,5,5,5,5,5,5,0,enemy_illustration-130062001,1001,10054|10055,2016-05-20,enemy_illustration-140062001,,0,0,1
100063001,100063,enemy_illustration-110063001,enemy_illustration-150063001,1,MizukinnBoss,enemy_illustration-120063001,0,0,5,5,5,5,5,5,5,5,0,enemy_illustration-130063001,1001,10056|10057|10058,2016-05-20,enemy_illustration-140063001,,0,0,1
100064001,100064,enemy_illustration-110064001,enemy_illustration-150064001,3,Guard1Breakout,enemy_illustration-120064001,0,0,5,5,5,5,5,5,5,5,0,enemy_illustration-130064001,106,,2016-05-20,enemy_illustration-140064001,,0,0,1
100065001,100065,enemy_illustration-110065001,enemy_illustration-150065001,3,Guard2Breakout,enemy_illustration-120065001,0,0,5,5,5,5,5,5,5,5,0,enemy_illustration-130065001,106,,2016-05-20,enemy_illustration-140065001,,0,0,1
100066001,100066,enemy_illustration-110066001,enemy_illustration-150066001,3,Guard3Breakout,enemy_illustration-120066001,0,0,5,5,5,5,5,5,5,5,0,enemy_illustration-130066001,106,,2016-05-20,enemy_illustration-140066001,,0,0,1
100067001,100067,enemy_illustration-110067001,enemy_illustration-150067001,3,BG1Breakout,enemy_illustration-120067001,0,0,5,5,5,5,5,5,5,5,0,enemy_illustration-130067001,107,,2016-05-20,enemy_illustration-140067001,,0,0,1
100068001,100068,enemy_illustration-110068001,enemy_illustration-150068001,3,BG2Breakout,enemy_illustration-120068001,0,0,5,5,5,5,5,5,5,5,0,enemy_illustration-130068001,107,,2016-05-20,enemy_illustration-140068001,,0,0,1
100069001,100069,enemy_illustration-110069001,enemy_illustration-150069001,3,BG3Breakout,enemy_illustration-120069001,0,0,5,5,5,5,5,5,5,5,0,enemy_illustration-130069001,107,,2016-05-20,enemy_illustration-140069001,,0,0,1
100070001,100070,enemy_illustration-110070001,enemy_illustration-150070001,3,DisGuardBreakout,enemy_illustration-120070001,0,0,5,5,5,5,5,5,5,5,0,enemy_illustration-130070001,106,,2016-05-20,enemy_illustration-140070001,,0,0,1
100071001,100071,enemy_illustration-110071001,enemy_illustration-150071001,3,DisBGBreakout,enemy_illustration-120071001,0,0,5,5,5,5,5,5,5,5,0,enemy_illustration-130071001,107,,2016-05-20,enemy_illustration-140071001,,0,0,1
100072001,100072,enemy_illustration-110072001,enemy_illustration-150072001,3,EliteGuardBreakout,enemy_illustration-120072001,0,0,5,5,5,5,5,5,5,5,0,enemy_illustration-130072001,1001|106,,2016-05-20,enemy_illustration-140072001,,0,0,1
100073001,100073,enemy_illustration-110073001,enemy_illustration-150073001,3,EliteBGBreakout,enemy_illustration-120073001,0,0,5,5,5,5,5,5,5,5,0,enemy_illustration-130073001,1001|107,,2016-05-20,enemy_illustration-140073001,,0,0,1
100074001,100074,enemy_illustration-110074001,enemy_illustration-150074001,1,DosBreakout,enemy_illustration-120074001,0,0,5,5,5,5,5,5,5,5,0,enemy_illustration-130074001,1001|106,10059|10060|10061|10062,2016-05-20,enemy_illustration-140074001,,0,0,1
100075001,100075,enemy_illustration-110075001,enemy_illustration-150075001,1,M16A1Arena,enemy_illustration-120075001,0,0,5,5,5,5,5,5,5,5,0,enemy_illustration-130075001,1001|1004,8103|8202|8301,2016-05-20,enemy_illustration-140075001,,0,0,1
100076001,100076,enemy_illustration-110076001,enemy_illustration-150076001,1,HecateBoss,enemy_illustration-120076001,0,0,5,5,5,5,5,5,5,5,0,enemy_illustration-130076001,1001|107,10063|10064|10065|10066|10067|10068|10069,2016-05-20,enemy_illustration-140076001,,0,0,1
100082001,100082,enemy_illustration-110082001,enemy_illustration-150082001,3,Brute_SWAP,enemy_illustration-120082001,1,0,5,3,4,3,2,0,4,2,0,enemy_illustration-130082001,1003|303|315,54|55,2035-12-31,enemy_illustration-140082001,,0,0,0
100083001,100083,enemy_illustration-110083001,enemy_illustration-150083001,4,Nemeum_SWAP2,enemy_illustration-120083001,1,0,4,5,6,0,3,4,4,4,0,enemy_illustration-130083001,1003|309|307,56,2035-12-31,enemy_illustration-140083001,,0,0,0
